date,league,season,team,proj_pts,title_pct,top4_pct,bottom3_pct
2026-04-04,Allsvenskan,2026,AIK,38.1,0.0060,0.1187,0.2347
2026-04-05,Allsvenskan,2026,AIK,50.8,0.1927,0.6567,0.0040
2026-04-06,Allsvenskan,2026,AIK,46.5,0.1333,0.4740,0.0360
2026-04-11,Allsvenskan,2026,AIK,46.5,0.1067,0.4513,0.0307
2026-04-12,Allsvenskan,2026,AIK,46.7,0.0993,0.4133,0.0233
2026-04-13,Allsvenskan,2026,AIK,44.7,0.0540,0.3167,0.0407
2026-04-17,Allsvenskan,2026,AIK,44.5,0.0507,0.2960,0.0327
2026-04-18,Allsvenskan,2026,AIK,44.4,0.0133,0.2187,0.0227
2026-04-19,Allsvenskan,2026,AIK,45.4,0.0120,0.2467,0.0093
2026-04-22,Allsvenskan,2026,AIK,45.4,0.0153,0.2420,0.0147
2026-04-23,Allsvenskan,2026,AIK,43.3,0.0040,0.1567,0.0160
2026-04-26,Allsvenskan,2026,AIK,43.3,0.0027,0.1707,0.0240
2026-04-27,Allsvenskan,2026,AIK,41.6,0.0027,0.1447,0.0373
2026-05-02,Allsvenskan,2026,AIK,41.3,0.0020,0.1253,0.0400
2026-05-03,Allsvenskan,2026,AIK,40.2,0.0000,0.0720,0.0320
2026-05-04,Allsvenskan,2026,AIK,40.2,0.0000,0.0407,0.0207
2026-05-08,Allsvenskan,2026,AIK,40.2,0.0000,0.0407,0.0213
2026-05-09,Allsvenskan,2026,AIK,40.2,0.0000,0.0367,0.0107
2026-05-10,Allsvenskan,2026,AIK,36.6,0.0000,0.0047,0.0360
2026-05-11,Allsvenskan,2026,AIK,36.5,0.0000,0.0040,0.0287
2026-05-16,Allsvenskan,2026,AIK,36.5,0.0000,0.0067,0.0420
2026-05-17,Allsvenskan,2026,AIK,35.1,0.0000,0.0020,0.0700
2026-05-18,Allsvenskan,2026,AIK,35.3,0.0000,0.0020,0.0680
2026-05-19,Allsvenskan,2026,AIK,35.1,0.0000,0.0020,0.1167
2026-05-20,Allsvenskan,2026,AIK,35.5,0.0000,0.0053,0.1107
2026-05-21,Allsvenskan,2026,AIK,35.3,0.0000,0.0040,0.1080
2026-05-22,Allsvenskan,2026,AIK,35.5,0.0000,0.0060,0.1060
2026-05-23,Allsvenskan,2026,AIK,35.4,0.0000,0.0040,0.1087
2026-05-24,Allsvenskan,2026,AIK,37.9,0.0000,0.0187,0.0613
2026-05-25,Allsvenskan,2026,AIK,37.9,0.0000,0.0220,0.0720
2026-05-29,Allsvenskan,2026,AIK,37.8,0.0000,0.0220,0.0700
2026-05-30,Allsvenskan,2026,AIK,35.9,0.0000,0.0093,0.1280
2026-05-31,Allsvenskan,2026,AIK,35.5,0.0000,0.0067,0.1493
2026-07-03,Allsvenskan,2026,AIK,35.6,0.0000,0.0073,0.1600
2026-07-04,Allsvenskan,2026,AIK,35.7,0.0000,0.0113,0.1433
2026-07-05,Allsvenskan,2026,AIK,38.4,0.0000,0.0167,0.0547
2026-07-06,Allsvenskan,2026,AIK,38.9,0.0000,0.0207,0.0487
2026-07-11,Allsvenskan,2026,AIK,39.6,0.0000,0.0387,0.0460
2026-07-12,Allsvenskan,2026,AIK,39.5,0.0000,0.0220,0.0207
2026-07-13,Allsvenskan,2026,AIK,39.9,0.0000,0.0247,0.0133
2026-07-17,Allsvenskan,2026,AIK,39.8,0.0000,0.0293,0.0320
2026-07-18,Allsvenskan,2026,AIK,43.4,0.0000,0.0973,0.0047
2026-07-19,Allsvenskan,2026,AIK,43.7,0.0000,0.0793,0.0007
2026-07-20,Allsvenskan,2026,AIK,43.3,0.0000,0.0987,0.0040
2026-07-24,Allsvenskan,2026,AIK,43.2,0.0000,0.0860,0.0020
2026-07-25,Allsvenskan,2026,AIK,43.3,0.0000,0.0773,0.0033
2026-07-26,Allsvenskan,2026,AIK,43.6,0.0000,0.0927,0.0007
2026-07-27,Allsvenskan,2026,AIK,42.3,0.0000,0.0553,0.0040
2026-08-01,Allsvenskan,2026,AIK,42.5,0.0000,0.0727,0.0007
2026-08-02,Allsvenskan,2026,AIK,38.8,0.0000,0.0180,0.0213
2026-08-03,Allsvenskan,2026,AIK,38.9,0.0000,0.0147,0.0160
2026-08-08,Allsvenskan,2026,AIK,41.7,0.0000,0.0480,0.0000
2026-08-09,Allsvenskan,2026,AIK,41.7,0.0000,0.0527,0.0053
2026-08-10,Allsvenskan,2026,AIK,41.6,0.0000,0.0514,0.0052
2026-08-11,Allsvenskan,2026,AIK,41.8,0.0000,0.0578,0.0030
2026-08-12,Allsvenskan,2026,AIK,41.6,0.0000,0.0514,0.0052
2026-08-13,Allsvenskan,2026,AIK,41.8,0.0000,0.0578,0.0030
2026-08-14,Allsvenskan,2026,AIK,41.8,0.0000,0.0578,0.0030
2026-08-15,Allsvenskan,2026,AIK,41.7,0.0000,0.0478,0.0036
2026-08-16,Allsvenskan,2026,AIK,41.7,0.0000,0.0476,0.0036
2026-04-04,Allsvenskan,2026,Brommapojkarna,38.3,0.0053,0.1347,0.2253
2026-04-05,Allsvenskan,2026,Brommapojkarna,34.0,0.0020,0.0187,0.4007
2026-04-06,Allsvenskan,2026,Brommapojkarna,37.9,0.0153,0.0933,0.2873
2026-04-11,Allsvenskan,2026,Brommapojkarna,37.8,0.0087,0.0893,0.2360
2026-04-12,Allsvenskan,2026,Brommapojkarna,37.9,0.0113,0.0833,0.2060
2026-04-13,Allsvenskan,2026,Brommapojkarna,38.9,0.0087,0.0820,0.1507
2026-04-17,Allsvenskan,2026,Brommapojkarna,38.8,0.0087,0.0867,0.1593
2026-04-18,Allsvenskan,2026,Brommapojkarna,37.7,0.0007,0.0347,0.1373
2026-04-19,Allsvenskan,2026,Brommapojkarna,37.8,0.0007,0.0340,0.1180
2026-04-22,Allsvenskan,2026,Brommapojkarna,41.1,0.0033,0.0913,0.0413
2026-04-23,Allsvenskan,2026,Brommapojkarna,41.2,0.0007,0.0833,0.0373
2026-04-26,Allsvenskan,2026,Brommapojkarna,37.8,0.0000,0.0320,0.0973
2026-04-27,Allsvenskan,2026,Brommapojkarna,37.8,0.0000,0.0453,0.1353
2026-05-02,Allsvenskan,2026,Brommapojkarna,38.0,0.0000,0.0567,0.1160
2026-05-03,Allsvenskan,2026,Brommapojkarna,37.9,0.0000,0.0380,0.0867
2026-05-04,Allsvenskan,2026,Brommapojkarna,42.4,0.0000,0.0940,0.0113
2026-05-08,Allsvenskan,2026,Brommapojkarna,40.5,0.0000,0.0460,0.0167
2026-05-09,Allsvenskan,2026,Brommapojkarna,40.4,0.0000,0.0333,0.0113
2026-05-10,Allsvenskan,2026,Brommapojkarna,40.2,0.0007,0.0247,0.0147
2026-05-11,Allsvenskan,2026,Brommapojkarna,40.4,0.0000,0.0213,0.0087
2026-05-16,Allsvenskan,2026,Brommapojkarna,40.2,0.0000,0.0273,0.0087
2026-05-17,Allsvenskan,2026,Brommapojkarna,40.6,0.0000,0.0153,0.0147
2026-05-18,Allsvenskan,2026,Brommapojkarna,40.7,0.0000,0.0387,0.0107
2026-05-19,Allsvenskan,2026,Brommapojkarna,40.2,0.0000,0.0373,0.0253
2026-05-20,Allsvenskan,2026,Brommapojkarna,40.7,0.0000,0.0313,0.0173
2026-05-21,Allsvenskan,2026,Brommapojkarna,40.7,0.0000,0.0227,0.0187
2026-05-22,Allsvenskan,2026,Brommapojkarna,43.0,0.0000,0.0593,0.0053
2026-05-23,Allsvenskan,2026,Brommapojkarna,42.7,0.0000,0.0633,0.0073
2026-05-24,Allsvenskan,2026,Brommapojkarna,43.1,0.0000,0.0913,0.0107
2026-05-25,Allsvenskan,2026,Brommapojkarna,42.7,0.0000,0.0900,0.0173
2026-05-29,Allsvenskan,2026,Brommapojkarna,42.9,0.0020,0.1040,0.0133
2026-05-30,Allsvenskan,2026,Brommapojkarna,42.5,0.0000,0.0733,0.0187
2026-05-31,Allsvenskan,2026,Brommapojkarna,44.1,0.0000,0.1393,0.0040
2026-07-03,Allsvenskan,2026,Brommapojkarna,44.4,0.0013,0.1620,0.0080
2026-07-04,Allsvenskan,2026,Brommapojkarna,43.6,0.0000,0.1227,0.0093
2026-07-05,Allsvenskan,2026,Brommapojkarna,43.7,0.0000,0.1120,0.0087
2026-07-06,Allsvenskan,2026,Brommapojkarna,43.0,0.0000,0.0833,0.0087
2026-07-11,Allsvenskan,2026,Brommapojkarna,42.9,0.0007,0.1107,0.0087
2026-07-12,Allsvenskan,2026,Brommapojkarna,41.4,0.0000,0.0633,0.0087
2026-07-13,Allsvenskan,2026,Brommapojkarna,40.9,0.0000,0.0380,0.0120
2026-07-17,Allsvenskan,2026,Brommapojkarna,38.2,0.0000,0.0200,0.0447
2026-07-18,Allsvenskan,2026,Brommapojkarna,38.1,0.0000,0.0160,0.0427
2026-07-19,Allsvenskan,2026,Brommapojkarna,38.5,0.0000,0.0167,0.0200
2026-07-20,Allsvenskan,2026,Brommapojkarna,38.3,0.0000,0.0127,0.0273
2026-07-24,Allsvenskan,2026,Brommapojkarna,38.3,0.0000,0.0113,0.0140
2026-07-25,Allsvenskan,2026,Brommapojkarna,38.2,0.0000,0.0147,0.0220
2026-07-26,Allsvenskan,2026,Brommapojkarna,37.3,0.0000,0.0080,0.0180
2026-07-27,Allsvenskan,2026,Brommapojkarna,37.5,0.0000,0.0087,0.0233
2026-08-01,Allsvenskan,2026,Brommapojkarna,37.6,0.0000,0.0087,0.0167
2026-08-02,Allsvenskan,2026,Brommapojkarna,36.3,0.0000,0.0060,0.0553
2026-08-03,Allsvenskan,2026,Brommapojkarna,36.3,0.0000,0.0080,0.0553
2026-08-08,Allsvenskan,2026,Brommapojkarna,36.2,0.0000,0.0020,0.0347
2026-08-09,Allsvenskan,2026,Brommapojkarna,36.3,0.0000,0.0040,0.0500
2026-08-10,Allsvenskan,2026,Brommapojkarna,36.3,0.0000,0.0054,0.0530
2026-08-11,Allsvenskan,2026,Brommapojkarna,36.3,0.0000,0.0052,0.0512
2026-08-12,Allsvenskan,2026,Brommapojkarna,36.3,0.0000,0.0054,0.0530
2026-08-13,Allsvenskan,2026,Brommapojkarna,36.3,0.0000,0.0052,0.0512
2026-08-14,Allsvenskan,2026,Brommapojkarna,36.3,0.0000,0.0052,0.0512
2026-08-15,Allsvenskan,2026,Brommapojkarna,36.4,0.0000,0.0054,0.0502
2026-08-16,Allsvenskan,2026,Brommapojkarna,36.4,0.0000,0.0034,0.0516
2026-04-04,Allsvenskan,2026,Degerfors,43.6,0.0273,0.3453,0.0687
2026-04-05,Allsvenskan,2026,Degerfors,39.6,0.0113,0.1007,0.1473
2026-04-06,Allsvenskan,2026,Degerfors,35.4,0.0033,0.0433,0.4367
2026-04-11,Allsvenskan,2026,Degerfors,35.1,0.0027,0.0400,0.3793
2026-04-12,Allsvenskan,2026,Degerfors,42.9,0.0287,0.2133,0.0687
2026-04-13,Allsvenskan,2026,Degerfors,42.8,0.0340,0.2200,0.0627
2026-04-17,Allsvenskan,2026,Degerfors,42.2,0.0193,0.1940,0.0727
2026-04-18,Allsvenskan,2026,Degerfors,42.2,0.0020,0.1353,0.0407
2026-04-19,Allsvenskan,2026,Degerfors,42.3,0.0033,0.1253,0.0333
2026-04-22,Allsvenskan,2026,Degerfors,42.1,0.0040,0.1167,0.0413
2026-04-23,Allsvenskan,2026,Degerfors,44.9,0.0060,0.2120,0.0100
2026-04-26,Allsvenskan,2026,Degerfors,45.0,0.0073,0.2313,0.0087
2026-04-27,Allsvenskan,2026,Degerfors,42.8,0.0040,0.1727,0.0280
2026-05-02,Allsvenskan,2026,Degerfors,41.6,0.0007,0.1247,0.0427
2026-05-03,Allsvenskan,2026,Degerfors,41.5,0.0007,0.1060,0.0240
2026-05-04,Allsvenskan,2026,Degerfors,41.2,0.0000,0.0467,0.0120
2026-05-08,Allsvenskan,2026,Degerfors,41.4,0.0000,0.0627,0.0087
2026-05-09,Allsvenskan,2026,Degerfors,36.6,0.0000,0.0047,0.0387
2026-05-10,Allsvenskan,2026,Degerfors,36.8,0.0000,0.0040,0.0433
2026-05-11,Allsvenskan,2026,Degerfors,36.6,0.0000,0.0027,0.0447
2026-05-16,Allsvenskan,2026,Degerfors,37.9,0.0000,0.0073,0.0280
2026-05-17,Allsvenskan,2026,Degerfors,38.0,0.0000,0.0060,0.0233
2026-05-18,Allsvenskan,2026,Degerfors,38.2,0.0000,0.0120,0.0213
2026-05-19,Allsvenskan,2026,Degerfors,37.6,0.0000,0.0113,0.0567
2026-05-20,Allsvenskan,2026,Degerfors,38.3,0.0000,0.0120,0.0553
2026-05-21,Allsvenskan,2026,Degerfors,38.2,0.0000,0.0093,0.0427
2026-05-22,Allsvenskan,2026,Degerfors,38.4,0.0000,0.0173,0.0493
2026-05-23,Allsvenskan,2026,Degerfors,35.9,0.0000,0.0060,0.0953
2026-05-24,Allsvenskan,2026,Degerfors,36.2,0.0000,0.0080,0.1193
2026-05-25,Allsvenskan,2026,Degerfors,36.2,0.0000,0.0140,0.1140
2026-05-29,Allsvenskan,2026,Degerfors,36.0,0.0000,0.0147,0.1180
2026-05-30,Allsvenskan,2026,Degerfors,36.0,0.0000,0.0073,0.1193
2026-05-31,Allsvenskan,2026,Degerfors,33.9,0.0000,0.0040,0.2347
2026-07-03,Allsvenskan,2026,Degerfors,33.9,0.0000,0.0033,0.2473
2026-07-04,Allsvenskan,2026,Degerfors,30.8,0.0000,0.0020,0.4387
2026-07-05,Allsvenskan,2026,Degerfors,30.8,0.0000,0.0000,0.4307
2026-07-06,Allsvenskan,2026,Degerfors,31.0,0.0000,0.0000,0.4453
2026-07-11,Allsvenskan,2026,Degerfors,30.8,0.0000,0.0007,0.4420
2026-07-12,Allsvenskan,2026,Degerfors,29.1,0.0000,0.0000,0.4893
2026-07-13,Allsvenskan,2026,Degerfors,29.1,0.0000,0.0000,0.4973
2026-07-17,Allsvenskan,2026,Degerfors,28.7,0.0000,0.0000,0.6160
2026-07-18,Allsvenskan,2026,Degerfors,29.1,0.0000,0.0000,0.5927
2026-07-19,Allsvenskan,2026,Degerfors,25.4,0.0000,0.0000,0.8280
2026-07-20,Allsvenskan,2026,Degerfors,25.4,0.0000,0.0000,0.8167
2026-07-24,Allsvenskan,2026,Degerfors,25.5,0.0000,0.0000,0.8253
2026-07-25,Allsvenskan,2026,Degerfors,24.4,0.0000,0.0000,0.8660
2026-07-26,Allsvenskan,2026,Degerfors,24.6,0.0000,0.0000,0.8267
2026-07-27,Allsvenskan,2026,Degerfors,24.8,0.0000,0.0000,0.8087
2026-08-01,Allsvenskan,2026,Degerfors,24.5,0.0000,0.0000,0.8233
2026-08-02,Allsvenskan,2026,Degerfors,23.4,0.0000,0.0000,0.9173
2026-08-03,Allsvenskan,2026,Degerfors,23.3,0.0000,0.0000,0.9253
2026-08-08,Allsvenskan,2026,Degerfors,23.4,0.0000,0.0000,0.9007
2026-08-09,Allsvenskan,2026,Degerfors,25.8,0.0000,0.0000,0.8400
2026-08-10,Allsvenskan,2026,Degerfors,25.7,0.0000,0.0000,0.8492
2026-08-11,Allsvenskan,2026,Degerfors,25.9,0.0000,0.0000,0.8438
2026-08-12,Allsvenskan,2026,Degerfors,25.7,0.0000,0.0000,0.8492
2026-08-13,Allsvenskan,2026,Degerfors,25.9,0.0000,0.0000,0.8438
2026-08-14,Allsvenskan,2026,Degerfors,25.9,0.0000,0.0000,0.8438
2026-08-15,Allsvenskan,2026,Degerfors,25.8,0.0000,0.0000,0.8590
2026-08-16,Allsvenskan,2026,Degerfors,25.8,0.0000,0.0000,0.8798
2026-04-04,Allsvenskan,2026,Djurgården,38.1,0.0053,0.1153,0.2360
2026-04-05,Allsvenskan,2026,Djurgården,33.9,0.0020,0.0253,0.4093
2026-04-06,Allsvenskan,2026,Djurgården,41.7,0.0387,0.2233,0.1487
2026-04-11,Allsvenskan,2026,Djurgården,40.9,0.0313,0.1567,0.1200
2026-04-12,Allsvenskan,2026,Djurgården,47.5,0.1180,0.4567,0.0167
2026-04-13,Allsvenskan,2026,Djurgården,47.5,0.1027,0.4473,0.0153
2026-04-17,Allsvenskan,2026,Djurgården,47.2,0.0900,0.4487,0.0147
2026-04-18,Allsvenskan,2026,Djurgården,47.0,0.0133,0.3380,0.0087
2026-04-19,Allsvenskan,2026,Djurgården,47.3,0.0253,0.3307,0.0027
2026-04-22,Allsvenskan,2026,Djurgården,47.8,0.0213,0.3567,0.0027
2026-04-23,Allsvenskan,2026,Djurgården,48.1,0.0187,0.4000,0.0027
2026-04-26,Allsvenskan,2026,Djurgården,47.5,0.0113,0.3607,0.0040
2026-04-27,Allsvenskan,2026,Djurgården,47.8,0.0167,0.4553,0.0040
2026-05-02,Allsvenskan,2026,Djurgården,47.4,0.0087,0.4200,0.0067
2026-05-03,Allsvenskan,2026,Djurgården,47.8,0.0080,0.4380,0.0027
2026-05-04,Allsvenskan,2026,Djurgården,56.4,0.0747,0.8613,0.0000
2026-05-08,Allsvenskan,2026,Djurgården,56.4,0.0740,0.8560,0.0000
2026-05-09,Allsvenskan,2026,Djurgården,56.4,0.0773,0.8147,0.0000
2026-05-10,Allsvenskan,2026,Djurgården,58.4,0.1233,0.8833,0.0000
2026-05-11,Allsvenskan,2026,Djurgården,58.2,0.0760,0.8700,0.0000
2026-05-16,Allsvenskan,2026,Djurgården,58.2,0.0833,0.9073,0.0000
2026-05-17,Allsvenskan,2026,Djurgården,58.0,0.0553,0.8873,0.0000
2026-05-18,Allsvenskan,2026,Djurgården,53.4,0.0113,0.6860,0.0000
2026-05-19,Allsvenskan,2026,Djurgården,53.1,0.0140,0.6860,0.0000
2026-05-20,Allsvenskan,2026,Djurgården,53.3,0.0193,0.6633,0.0000
2026-05-21,Allsvenskan,2026,Djurgården,53.2,0.0120,0.6453,0.0000
2026-05-22,Allsvenskan,2026,Djurgården,50.4,0.0040,0.4533,0.0000
2026-05-23,Allsvenskan,2026,Djurgården,50.2,0.0047,0.4673,0.0000
2026-05-24,Allsvenskan,2026,Djurgården,50.6,0.0087,0.5387,0.0000
2026-05-25,Allsvenskan,2026,Djurgården,50.3,0.0060,0.5540,0.0007
2026-05-29,Allsvenskan,2026,Djurgården,50.3,0.0040,0.5767,0.0000
2026-05-30,Allsvenskan,2026,Djurgården,49.9,0.0040,0.5300,0.0000
2026-05-31,Allsvenskan,2026,Djurgården,50.3,0.0027,0.5473,0.0000
2026-07-03,Allsvenskan,2026,Djurgården,50.3,0.0120,0.5540,0.0007
2026-07-04,Allsvenskan,2026,Djurgården,49.8,0.0073,0.5047,0.0000
2026-07-05,Allsvenskan,2026,Djurgården,50.3,0.0073,0.5413,0.0000
2026-07-06,Allsvenskan,2026,Djurgården,52.9,0.0173,0.7333,0.0000
2026-07-11,Allsvenskan,2026,Djurgården,52.8,0.0213,0.7447,0.0000
2026-07-12,Allsvenskan,2026,Djurgården,53.0,0.0153,0.7140,0.0000
2026-07-13,Allsvenskan,2026,Djurgården,54.9,0.0267,0.8360,0.0000
2026-07-17,Allsvenskan,2026,Djurgården,54.8,0.0340,0.8300,0.0000
2026-07-18,Allsvenskan,2026,Djurgården,54.7,0.0380,0.8420,0.0000
2026-07-19,Allsvenskan,2026,Djurgården,55.0,0.0153,0.8620,0.0000
2026-07-20,Allsvenskan,2026,Djurgården,52.8,0.0080,0.7720,0.0000
2026-07-24,Allsvenskan,2026,Djurgården,52.7,0.0073,0.7573,0.0000
2026-07-25,Allsvenskan,2026,Djurgården,54.0,0.0127,0.8073,0.0000
2026-07-26,Allsvenskan,2026,Djurgården,54.0,0.0053,0.8180,0.0000
2026-07-27,Allsvenskan,2026,Djurgården,54.0,0.0067,0.8287,0.0000
2026-08-01,Allsvenskan,2026,Djurgården,54.0,0.0087,0.8427,0.0000
2026-08-02,Allsvenskan,2026,Djurgården,53.9,0.0093,0.8547,0.0000
2026-08-03,Allsvenskan,2026,Djurgården,57.3,0.0187,0.9647,0.0000
2026-08-08,Allsvenskan,2026,Djurgården,57.4,0.0253,0.9520,0.0000
2026-08-09,Allsvenskan,2026,Djurgården,57.2,0.0193,0.9607,0.0000
2026-08-10,Allsvenskan,2026,Djurgården,57.1,0.0180,0.9610,0.0000
2026-08-11,Allsvenskan,2026,Djurgården,55.4,0.0110,0.9290,0.0000
2026-08-12,Allsvenskan,2026,Djurgården,57.1,0.0180,0.9610,0.0000
2026-08-13,Allsvenskan,2026,Djurgården,55.4,0.0110,0.9290,0.0000
2026-08-14,Allsvenskan,2026,Djurgården,55.4,0.0110,0.9290,0.0000
2026-08-15,Allsvenskan,2026,Djurgården,55.3,0.0110,0.9178,0.0000
2026-08-16,Allsvenskan,2026,Djurgården,55.6,0.0276,0.9246,0.0000
2026-04-04,Allsvenskan,2026,Elfsborg,38.4,0.0047,0.1340,0.2140
2026-04-05,Allsvenskan,2026,Elfsborg,33.8,0.0007,0.0213,0.4213
2026-04-06,Allsvenskan,2026,Elfsborg,47.7,0.1693,0.5447,0.0193
2026-04-11,Allsvenskan,2026,Elfsborg,48.1,0.1613,0.5427,0.0160
2026-04-12,Allsvenskan,2026,Elfsborg,48.5,0.1433,0.5220,0.0087
2026-04-13,Allsvenskan,2026,Elfsborg,48.2,0.1333,0.5220,0.0093
2026-04-17,Allsvenskan,2026,Elfsborg,48.9,0.1407,0.5440,0.0073
2026-04-18,Allsvenskan,2026,Elfsborg,48.6,0.0287,0.4253,0.0040
2026-04-19,Allsvenskan,2026,Elfsborg,48.8,0.0293,0.4467,0.0013
2026-04-22,Allsvenskan,2026,Elfsborg,47.9,0.0313,0.3673,0.0027
2026-04-23,Allsvenskan,2026,Elfsborg,47.8,0.0200,0.3340,0.0027
2026-04-26,Allsvenskan,2026,Elfsborg,47.8,0.0193,0.3727,0.0033
2026-04-27,Allsvenskan,2026,Elfsborg,43.9,0.0027,0.2033,0.0233
2026-05-02,Allsvenskan,2026,Elfsborg,44.1,0.0020,0.2207,0.0173
2026-05-03,Allsvenskan,2026,Elfsborg,44.1,0.0007,0.2100,0.0053
2026-05-04,Allsvenskan,2026,Elfsborg,44.2,0.0000,0.1380,0.0020
2026-05-08,Allsvenskan,2026,Elfsborg,46.2,0.0027,0.1980,0.0007
2026-05-09,Allsvenskan,2026,Elfsborg,46.0,0.0013,0.1760,0.0007
2026-05-10,Allsvenskan,2026,Elfsborg,45.8,0.0007,0.1180,0.0007
2026-05-11,Allsvenskan,2026,Elfsborg,45.6,0.0007,0.1120,0.0020
2026-05-16,Allsvenskan,2026,Elfsborg,45.9,0.0007,0.1400,0.0007
2026-05-17,Allsvenskan,2026,Elfsborg,46.1,0.0007,0.1027,0.0000
2026-05-18,Allsvenskan,2026,Elfsborg,46.2,0.0013,0.1673,0.0007
2026-05-19,Allsvenskan,2026,Elfsborg,46.1,0.0000,0.1707,0.0020
2026-05-20,Allsvenskan,2026,Elfsborg,46.5,0.0007,0.1573,0.0007
2026-05-21,Allsvenskan,2026,Elfsborg,47.8,0.0013,0.2233,0.0000
2026-05-22,Allsvenskan,2026,Elfsborg,47.9,0.0000,0.2567,0.0007
2026-05-23,Allsvenskan,2026,Elfsborg,47.9,0.0007,0.2560,0.0013
2026-05-24,Allsvenskan,2026,Elfsborg,47.9,0.0020,0.3040,0.0007
2026-05-25,Allsvenskan,2026,Elfsborg,45.9,0.0013,0.2027,0.0027
2026-05-29,Allsvenskan,2026,Elfsborg,44.1,0.0000,0.1367,0.0027
2026-05-30,Allsvenskan,2026,Elfsborg,44.0,0.0007,0.1380,0.0033
2026-05-31,Allsvenskan,2026,Elfsborg,44.1,0.0007,0.1433,0.0053
2026-07-03,Allsvenskan,2026,Elfsborg,44.4,0.0000,0.1513,0.0053
2026-07-04,Allsvenskan,2026,Elfsborg,44.2,0.0007,0.1373,0.0047
2026-07-05,Allsvenskan,2026,Elfsborg,40.9,0.0000,0.0313,0.0187
2026-07-06,Allsvenskan,2026,Elfsborg,41.0,0.0000,0.0413,0.0153
2026-07-11,Allsvenskan,2026,Elfsborg,41.2,0.0000,0.0593,0.0153
2026-07-12,Allsvenskan,2026,Elfsborg,40.1,0.0000,0.0273,0.0153
2026-07-13,Allsvenskan,2026,Elfsborg,40.2,0.0000,0.0313,0.0167
2026-07-17,Allsvenskan,2026,Elfsborg,40.1,0.0000,0.0227,0.0147
2026-07-18,Allsvenskan,2026,Elfsborg,40.0,0.0000,0.0340,0.0260
2026-07-19,Allsvenskan,2026,Elfsborg,38.8,0.0000,0.0120,0.0133
2026-07-20,Allsvenskan,2026,Elfsborg,38.7,0.0000,0.0140,0.0207
2026-07-24,Allsvenskan,2026,Elfsborg,38.7,0.0000,0.0147,0.0200
2026-07-25,Allsvenskan,2026,Elfsborg,38.6,0.0000,0.0120,0.0147
2026-07-26,Allsvenskan,2026,Elfsborg,41.0,0.0000,0.0380,0.0020
2026-07-27,Allsvenskan,2026,Elfsborg,40.8,0.0000,0.0247,0.0020
2026-08-01,Allsvenskan,2026,Elfsborg,41.0,0.0000,0.0360,0.0020
2026-08-02,Allsvenskan,2026,Elfsborg,40.9,0.0000,0.0400,0.0033
2026-08-03,Allsvenskan,2026,Elfsborg,41.2,0.0000,0.0427,0.0040
2026-08-08,Allsvenskan,2026,Elfsborg,43.6,0.0000,0.0940,0.0013
2026-08-09,Allsvenskan,2026,Elfsborg,43.8,0.0000,0.1393,0.0007
2026-08-10,Allsvenskan,2026,Elfsborg,43.8,0.0000,0.1332,0.0006
2026-08-11,Allsvenskan,2026,Elfsborg,43.8,0.0000,0.1222,0.0016
2026-08-12,Allsvenskan,2026,Elfsborg,43.8,0.0000,0.1332,0.0006
2026-08-13,Allsvenskan,2026,Elfsborg,43.8,0.0000,0.1222,0.0016
2026-08-14,Allsvenskan,2026,Elfsborg,43.8,0.0000,0.1222,0.0016
2026-08-15,Allsvenskan,2026,Elfsborg,46.4,0.0000,0.2668,0.0000
2026-08-16,Allsvenskan,2026,Elfsborg,46.4,0.0000,0.2536,0.0000
2026-04-04,Allsvenskan,2026,GAIS,38.1,0.0053,0.1093,0.2380
2026-04-05,Allsvenskan,2026,GAIS,34.0,0.0000,0.0267,0.4060
2026-04-06,Allsvenskan,2026,GAIS,41.4,0.0440,0.2087,0.1460
2026-04-11,Allsvenskan,2026,GAIS,41.6,0.0253,0.1953,0.0953
2026-04-12,Allsvenskan,2026,GAIS,38.6,0.0093,0.0853,0.1573
2026-04-13,Allsvenskan,2026,GAIS,38.9,0.0087,0.0920,0.1607
2026-04-17,Allsvenskan,2026,GAIS,38.6,0.0093,0.0880,0.1673
2026-04-18,Allsvenskan,2026,GAIS,38.9,0.0007,0.0533,0.1147
2026-04-19,Allsvenskan,2026,GAIS,37.6,0.0000,0.0340,0.1373
2026-04-22,Allsvenskan,2026,GAIS,38.0,0.0020,0.0393,0.1120
2026-04-23,Allsvenskan,2026,GAIS,41.0,0.0013,0.0933,0.0400
2026-04-26,Allsvenskan,2026,GAIS,40.9,0.0007,0.0873,0.0387
2026-04-27,Allsvenskan,2026,GAIS,41.0,0.0007,0.1273,0.0473
2026-05-02,Allsvenskan,2026,GAIS,41.2,0.0007,0.1247,0.0367
2026-05-03,Allsvenskan,2026,GAIS,46.6,0.0027,0.3480,0.0007
2026-05-04,Allsvenskan,2026,GAIS,45.9,0.0027,0.2327,0.0013
2026-05-08,Allsvenskan,2026,GAIS,46.2,0.0013,0.2227,0.0020
2026-05-09,Allsvenskan,2026,GAIS,49.2,0.0053,0.3420,0.0007
2026-05-10,Allsvenskan,2026,GAIS,49.1,0.0040,0.2753,0.0000
2026-05-11,Allsvenskan,2026,GAIS,49.2,0.0033,0.2793,0.0007
2026-05-16,Allsvenskan,2026,GAIS,46.1,0.0013,0.1440,0.0000
2026-05-17,Allsvenskan,2026,GAIS,46.2,0.0013,0.1147,0.0013
2026-05-18,Allsvenskan,2026,GAIS,46.5,0.0007,0.1627,0.0000
2026-05-19,Allsvenskan,2026,GAIS,46.2,0.0013,0.1780,0.0007
2026-05-20,Allsvenskan,2026,GAIS,48.6,0.0007,0.2787,0.0000
2026-05-21,Allsvenskan,2026,GAIS,48.2,0.0013,0.2667,0.0000
2026-05-22,Allsvenskan,2026,GAIS,48.7,0.0020,0.3347,0.0007
2026-05-23,Allsvenskan,2026,GAIS,48.1,0.0020,0.3000,0.0000
2026-05-24,Allsvenskan,2026,GAIS,45.8,0.0000,0.1867,0.0000
2026-05-25,Allsvenskan,2026,GAIS,45.9,0.0000,0.2153,0.0020
2026-05-29,Allsvenskan,2026,GAIS,45.8,0.0000,0.2253,0.0033
2026-05-30,Allsvenskan,2026,GAIS,47.8,0.0020,0.3540,0.0007
2026-05-31,Allsvenskan,2026,GAIS,48.0,0.0000,0.3660,0.0000
2026-07-03,Allsvenskan,2026,GAIS,47.6,0.0040,0.3400,0.0000
2026-07-04,Allsvenskan,2026,GAIS,47.8,0.0033,0.3627,0.0013
2026-07-05,Allsvenskan,2026,GAIS,47.9,0.0013,0.3507,0.0007
2026-07-06,Allsvenskan,2026,GAIS,47.1,0.0007,0.2840,0.0007
2026-07-11,Allsvenskan,2026,GAIS,47.0,0.0020,0.3413,0.0013
2026-07-12,Allsvenskan,2026,GAIS,48.2,0.0027,0.3700,0.0007
2026-07-13,Allsvenskan,2026,GAIS,48.1,0.0013,0.3507,0.0007
2026-07-17,Allsvenskan,2026,GAIS,48.2,0.0020,0.3340,0.0007
2026-07-18,Allsvenskan,2026,GAIS,44.9,0.0000,0.1787,0.0020
2026-07-19,Allsvenskan,2026,GAIS,44.8,0.0000,0.1333,0.0000
2026-07-20,Allsvenskan,2026,GAIS,45.0,0.0007,0.1633,0.0013
2026-07-24,Allsvenskan,2026,GAIS,44.7,0.0000,0.1533,0.0007
2026-07-25,Allsvenskan,2026,GAIS,44.9,0.0000,0.1473,0.0000
2026-07-26,Allsvenskan,2026,GAIS,44.5,0.0000,0.1393,0.0000
2026-07-27,Allsvenskan,2026,GAIS,44.5,0.0000,0.1420,0.0000
2026-08-01,Allsvenskan,2026,GAIS,44.5,0.0000,0.1680,0.0013
2026-08-02,Allsvenskan,2026,GAIS,44.4,0.0000,0.1560,0.0007
2026-08-03,Allsvenskan,2026,GAIS,44.3,0.0000,0.1553,0.0007
2026-08-08,Allsvenskan,2026,GAIS,44.3,0.0000,0.1360,0.0013
2026-08-09,Allsvenskan,2026,GAIS,46.3,0.0000,0.3060,0.0000
2026-08-10,Allsvenskan,2026,GAIS,46.5,0.0000,0.3068,0.0002
2026-08-11,Allsvenskan,2026,GAIS,46.5,0.0002,0.3096,0.0002
2026-08-12,Allsvenskan,2026,GAIS,46.5,0.0000,0.3068,0.0002
2026-08-13,Allsvenskan,2026,GAIS,46.5,0.0002,0.3096,0.0002
2026-08-14,Allsvenskan,2026,GAIS,46.5,0.0002,0.3096,0.0002
2026-08-15,Allsvenskan,2026,GAIS,46.5,0.0000,0.2916,0.0002
2026-08-16,Allsvenskan,2026,GAIS,46.5,0.0002,0.2860,0.0006
2026-04-04,Allsvenskan,2026,Halmstad,38.1,0.0047,0.1120,0.2373
2026-04-05,Allsvenskan,2026,Halmstad,40.6,0.0173,0.1433,0.1167
2026-04-06,Allsvenskan,2026,Halmstad,37.1,0.0087,0.0740,0.3353
2026-04-11,Allsvenskan,2026,Halmstad,36.0,0.0033,0.0520,0.3333
2026-04-12,Allsvenskan,2026,Halmstad,29.3,0.0000,0.0013,0.6833
2026-04-13,Allsvenskan,2026,Halmstad,29.1,0.0000,0.0040,0.7147
2026-04-17,Allsvenskan,2026,Halmstad,28.9,0.0000,0.0013,0.7140
2026-04-18,Allsvenskan,2026,Halmstad,24.4,0.0000,0.0000,0.8640
2026-04-19,Allsvenskan,2026,Halmstad,24.5,0.0000,0.0000,0.8420
2026-04-22,Allsvenskan,2026,Halmstad,24.9,0.0000,0.0000,0.8153
2026-04-23,Allsvenskan,2026,Halmstad,25.0,0.0000,0.0000,0.7953
2026-04-26,Allsvenskan,2026,Halmstad,24.9,0.0000,0.0000,0.8133
2026-04-27,Allsvenskan,2026,Halmstad,21.1,0.0000,0.0000,0.9500
2026-05-02,Allsvenskan,2026,Halmstad,21.3,0.0000,0.0000,0.9453
2026-05-03,Allsvenskan,2026,Halmstad,21.6,0.0000,0.0000,0.9227
2026-05-04,Allsvenskan,2026,Halmstad,18.3,0.0000,0.0000,0.9613
2026-05-08,Allsvenskan,2026,Halmstad,18.1,0.0000,0.0000,0.9580
2026-05-09,Allsvenskan,2026,Halmstad,18.5,0.0000,0.0000,0.9387
2026-05-10,Allsvenskan,2026,Halmstad,16.8,0.0000,0.0000,0.9793
2026-05-11,Allsvenskan,2026,Halmstad,17.1,0.0000,0.0000,0.9733
2026-05-16,Allsvenskan,2026,Halmstad,18.0,0.0000,0.0000,0.9653
2026-05-17,Allsvenskan,2026,Halmstad,17.8,0.0000,0.0000,0.9693
2026-05-18,Allsvenskan,2026,Halmstad,18.2,0.0000,0.0000,0.9693
2026-05-19,Allsvenskan,2026,Halmstad,17.9,0.0000,0.0000,0.9840
2026-05-20,Allsvenskan,2026,Halmstad,17.9,0.0000,0.0000,0.9813
2026-05-21,Allsvenskan,2026,Halmstad,18.1,0.0000,0.0000,0.9800
2026-05-22,Allsvenskan,2026,Halmstad,18.2,0.0000,0.0000,0.9780
2026-05-23,Allsvenskan,2026,Halmstad,22.1,0.0000,0.0000,0.9047
2026-05-24,Allsvenskan,2026,Halmstad,22.0,0.0000,0.0000,0.9400
2026-05-25,Allsvenskan,2026,Halmstad,22.1,0.0000,0.0000,0.9347
2026-05-29,Allsvenskan,2026,Halmstad,22.2,0.0000,0.0000,0.9147
2026-05-30,Allsvenskan,2026,Halmstad,20.6,0.0000,0.0000,0.9740
2026-05-31,Allsvenskan,2026,Halmstad,20.3,0.0000,0.0000,0.9707
2026-07-03,Allsvenskan,2026,Halmstad,20.3,0.0000,0.0000,0.9720
2026-07-04,Allsvenskan,2026,Halmstad,18.2,0.0000,0.0000,0.9913
2026-07-05,Allsvenskan,2026,Halmstad,18.1,0.0000,0.0000,0.9920
2026-07-06,Allsvenskan,2026,Halmstad,18.3,0.0000,0.0000,0.9873
2026-07-11,Allsvenskan,2026,Halmstad,18.2,0.0000,0.0000,0.9940
2026-07-12,Allsvenskan,2026,Halmstad,18.2,0.0000,0.0000,0.9820
2026-07-13,Allsvenskan,2026,Halmstad,17.5,0.0000,0.0000,0.9853
2026-07-17,Allsvenskan,2026,Halmstad,17.1,0.0000,0.0000,0.9973
2026-07-18,Allsvenskan,2026,Halmstad,17.2,0.0000,0.0000,0.9953
2026-07-19,Allsvenskan,2026,Halmstad,17.0,0.0000,0.0000,0.9900
2026-07-20,Allsvenskan,2026,Halmstad,16.9,0.0000,0.0000,0.9947
2026-07-24,Allsvenskan,2026,Halmstad,16.9,0.0000,0.0000,0.9933
2026-07-25,Allsvenskan,2026,Halmstad,16.8,0.0000,0.0000,0.9953
2026-07-26,Allsvenskan,2026,Halmstad,17.2,0.0000,0.0000,0.9900
2026-07-27,Allsvenskan,2026,Halmstad,17.3,0.0000,0.0000,0.9947
2026-08-01,Allsvenskan,2026,Halmstad,17.2,0.0000,0.0000,0.9893
2026-08-02,Allsvenskan,2026,Halmstad,16.9,0.0000,0.0000,0.9967
2026-08-03,Allsvenskan,2026,Halmstad,16.6,0.0000,0.0000,0.9973
2026-08-08,Allsvenskan,2026,Halmstad,16.5,0.0000,0.0000,0.9987
2026-08-09,Allsvenskan,2026,Halmstad,15.4,0.0000,0.0000,0.9987
2026-08-10,Allsvenskan,2026,Halmstad,15.5,0.0000,0.0000,0.9990
2026-08-11,Allsvenskan,2026,Halmstad,15.6,0.0000,0.0000,0.9996
2026-08-12,Allsvenskan,2026,Halmstad,15.5,0.0000,0.0000,0.9990
2026-08-13,Allsvenskan,2026,Halmstad,15.6,0.0000,0.0000,0.9996
2026-08-14,Allsvenskan,2026,Halmstad,15.6,0.0000,0.0000,0.9996
2026-08-15,Allsvenskan,2026,Halmstad,15.5,0.0000,0.0000,0.9992
2026-08-16,Allsvenskan,2026,Halmstad,15.5,0.0000,0.0000,0.9994
2026-04-04,Allsvenskan,2026,Hammarby,56.7,0.4613,0.9360,0.0007
2026-04-05,Allsvenskan,2026,Hammarby,52.1,0.2673,0.7400,0.0020
2026-04-06,Allsvenskan,2026,Hammarby,47.7,0.1733,0.5573,0.0253
2026-04-11,Allsvenskan,2026,Hammarby,47.7,0.1500,0.5067,0.0153
2026-04-12,Allsvenskan,2026,Hammarby,47.8,0.1227,0.4680,0.0147
2026-04-13,Allsvenskan,2026,Hammarby,44.2,0.0427,0.2727,0.0340
2026-04-17,Allsvenskan,2026,Hammarby,44.5,0.0580,0.2860,0.0273
2026-04-18,Allsvenskan,2026,Hammarby,59.7,0.4587,0.9413,0.0000
2026-04-19,Allsvenskan,2026,Hammarby,59.5,0.4287,0.9440,0.0000
2026-04-22,Allsvenskan,2026,Hammarby,58.1,0.3720,0.9107,0.0000
2026-04-23,Allsvenskan,2026,Hammarby,58.3,0.2720,0.9240,0.0000
2026-04-26,Allsvenskan,2026,Hammarby,58.2,0.2660,0.9287,0.0000
2026-04-27,Allsvenskan,2026,Hammarby,58.4,0.2627,0.9447,0.0000
2026-05-02,Allsvenskan,2026,Hammarby,58.3,0.2033,0.9440,0.0000
2026-05-03,Allsvenskan,2026,Hammarby,63.0,0.4200,0.9880,0.0000
2026-05-04,Allsvenskan,2026,Hammarby,62.9,0.4073,0.9787,0.0000
2026-05-08,Allsvenskan,2026,Hammarby,63.1,0.3953,0.9767,0.0000
2026-05-09,Allsvenskan,2026,Hammarby,63.5,0.4040,0.9753,0.0000
2026-05-10,Allsvenskan,2026,Hammarby,63.3,0.3927,0.9640,0.0000
2026-05-11,Allsvenskan,2026,Hammarby,63.4,0.3027,0.9747,0.0000
2026-05-16,Allsvenskan,2026,Hammarby,63.2,0.2953,0.9727,0.0000
2026-05-17,Allsvenskan,2026,Hammarby,64.7,0.3527,0.9860,0.0000
2026-05-18,Allsvenskan,2026,Hammarby,65.1,0.3007,0.9873,0.0000
2026-05-19,Allsvenskan,2026,Hammarby,64.9,0.3060,0.9940,0.0000
2026-05-20,Allsvenskan,2026,Hammarby,60.2,0.1347,0.9447,0.0000
2026-05-21,Allsvenskan,2026,Hammarby,59.7,0.1140,0.9193,0.0000
2026-05-22,Allsvenskan,2026,Hammarby,59.8,0.1373,0.9420,0.0000
2026-05-23,Allsvenskan,2026,Hammarby,59.6,0.1260,0.9480,0.0000
2026-05-24,Allsvenskan,2026,Hammarby,56.0,0.0520,0.8640,0.0000
2026-05-25,Allsvenskan,2026,Hammarby,56.3,0.0460,0.8887,0.0000
2026-05-29,Allsvenskan,2026,Hammarby,56.4,0.0393,0.8987,0.0000
2026-05-30,Allsvenskan,2026,Hammarby,56.5,0.0407,0.8947,0.0000
2026-05-31,Allsvenskan,2026,Hammarby,53.3,0.0140,0.7660,0.0000
2026-07-03,Allsvenskan,2026,Hammarby,53.1,0.0180,0.7560,0.0000
2026-07-04,Allsvenskan,2026,Hammarby,53.2,0.0273,0.7633,0.0000
2026-07-05,Allsvenskan,2026,Hammarby,54.8,0.0320,0.8313,0.0000
2026-07-06,Allsvenskan,2026,Hammarby,55.2,0.0500,0.8573,0.0000
2026-07-11,Allsvenskan,2026,Hammarby,55.2,0.0507,0.8640,0.0000
2026-07-12,Allsvenskan,2026,Hammarby,56.7,0.0487,0.9233,0.0000
2026-07-13,Allsvenskan,2026,Hammarby,56.6,0.0553,0.9013,0.0000
2026-07-17,Allsvenskan,2026,Hammarby,56.5,0.0480,0.9000,0.0000
2026-07-18,Allsvenskan,2026,Hammarby,56.5,0.0547,0.9240,0.0000
2026-07-19,Allsvenskan,2026,Hammarby,59.3,0.0727,0.9727,0.0000
2026-07-20,Allsvenskan,2026,Hammarby,59.2,0.0727,0.9753,0.0000
2026-07-24,Allsvenskan,2026,Hammarby,59.3,0.0827,0.9753,0.0000
2026-07-25,Allsvenskan,2026,Hammarby,59.3,0.0853,0.9767,0.0000
2026-07-26,Allsvenskan,2026,Hammarby,58.2,0.0320,0.9707,0.0000
2026-07-27,Allsvenskan,2026,Hammarby,58.4,0.0420,0.9733,0.0000
2026-08-01,Allsvenskan,2026,Hammarby,58.6,0.0293,0.9760,0.0000
2026-08-02,Allsvenskan,2026,Hammarby,58.2,0.0447,0.9660,0.0000
2026-08-03,Allsvenskan,2026,Hammarby,58.3,0.0280,0.9727,0.0000
2026-08-08,Allsvenskan,2026,Hammarby,58.5,0.0280,0.9740,0.0000
2026-08-09,Allsvenskan,2026,Hammarby,60.0,0.0393,0.9893,0.0000
2026-08-10,Allsvenskan,2026,Hammarby,60.0,0.0406,0.9926,0.0000
2026-08-11,Allsvenskan,2026,Hammarby,60.1,0.0712,0.9938,0.0000
2026-08-12,Allsvenskan,2026,Hammarby,60.0,0.0406,0.9926,0.0000
2026-08-13,Allsvenskan,2026,Hammarby,60.1,0.0712,0.9938,0.0000
2026-08-14,Allsvenskan,2026,Hammarby,60.1,0.0712,0.9938,0.0000
2026-08-15,Allsvenskan,2026,Hammarby,60.1,0.0664,0.9908,0.0000
2026-08-16,Allsvenskan,2026,Hammarby,60.0,0.1278,0.9906,0.0000
2026-04-04,Allsvenskan,2026,Häcken,38.0,0.0067,0.1213,0.2327
2026-04-05,Allsvenskan,2026,Häcken,33.9,0.0020,0.0213,0.4140
2026-04-06,Allsvenskan,2026,Häcken,43.7,0.0753,0.3180,0.0813
2026-04-11,Allsvenskan,2026,Häcken,50.8,0.2700,0.7087,0.0080
2026-04-12,Allsvenskan,2026,Häcken,50.9,0.2300,0.6673,0.0067
2026-04-13,Allsvenskan,2026,Häcken,51.1,0.2500,0.6820,0.0060
2026-04-17,Allsvenskan,2026,Häcken,51.0,0.2393,0.6680,0.0033
2026-04-18,Allsvenskan,2026,Häcken,50.9,0.0633,0.5907,0.0027
2026-04-19,Allsvenskan,2026,Häcken,51.6,0.0693,0.6167,0.0007
2026-04-22,Allsvenskan,2026,Häcken,52.2,0.0847,0.6533,0.0000
2026-04-23,Allsvenskan,2026,Häcken,52.2,0.0707,0.6587,0.0013
2026-04-26,Allsvenskan,2026,Häcken,52.1,0.0647,0.6640,0.0000
2026-04-27,Allsvenskan,2026,Häcken,50.5,0.0420,0.6293,0.0013
2026-05-02,Allsvenskan,2026,Häcken,50.8,0.0313,0.6620,0.0007
2026-05-03,Allsvenskan,2026,Häcken,50.6,0.0107,0.6200,0.0000
2026-05-04,Allsvenskan,2026,Häcken,50.4,0.0073,0.5093,0.0000
2026-05-08,Allsvenskan,2026,Häcken,50.3,0.0080,0.4820,0.0000
2026-05-09,Allsvenskan,2026,Häcken,50.4,0.0107,0.4320,0.0007
2026-05-10,Allsvenskan,2026,Häcken,53.9,0.0300,0.6387,0.0000
2026-05-11,Allsvenskan,2026,Häcken,53.8,0.0133,0.6260,0.0000
2026-05-16,Allsvenskan,2026,Häcken,53.9,0.0233,0.6660,0.0000
2026-05-17,Allsvenskan,2026,Häcken,57.5,0.0367,0.8580,0.0000
2026-05-18,Allsvenskan,2026,Häcken,57.9,0.0367,0.8973,0.0000
2026-05-19,Allsvenskan,2026,Häcken,57.7,0.0447,0.8773,0.0000
2026-05-20,Allsvenskan,2026,Häcken,57.8,0.0687,0.8760,0.0000
2026-05-21,Allsvenskan,2026,Häcken,58.0,0.0493,0.8807,0.0000
2026-05-22,Allsvenskan,2026,Häcken,58.1,0.0667,0.8920,0.0000
2026-05-23,Allsvenskan,2026,Häcken,57.9,0.0567,0.8920,0.0000
2026-05-24,Allsvenskan,2026,Häcken,57.7,0.0687,0.9033,0.0000
2026-05-25,Allsvenskan,2026,Häcken,57.7,0.0593,0.9260,0.0000
2026-05-29,Allsvenskan,2026,Häcken,57.4,0.0620,0.9220,0.0000
2026-05-30,Allsvenskan,2026,Häcken,57.5,0.0427,0.9127,0.0000
2026-05-31,Allsvenskan,2026,Häcken,59.4,0.0680,0.9613,0.0000
2026-07-03,Allsvenskan,2026,Häcken,59.3,0.1287,0.9573,0.0000
2026-07-04,Allsvenskan,2026,Häcken,59.2,0.1267,0.9593,0.0000
2026-07-05,Allsvenskan,2026,Häcken,59.1,0.1247,0.9507,0.0000
2026-07-06,Allsvenskan,2026,Häcken,54.9,0.0387,0.8053,0.0000
2026-07-11,Allsvenskan,2026,Häcken,51.2,0.0100,0.6313,0.0000
2026-07-12,Allsvenskan,2026,Häcken,51.6,0.0113,0.6087,0.0000
2026-07-13,Allsvenskan,2026,Häcken,51.2,0.0053,0.5647,0.0000
2026-07-17,Allsvenskan,2026,Häcken,51.4,0.0060,0.6167,0.0000
2026-07-18,Allsvenskan,2026,Häcken,51.2,0.0080,0.6207,0.0000
2026-07-19,Allsvenskan,2026,Häcken,52.4,0.0040,0.6940,0.0000
2026-07-20,Allsvenskan,2026,Häcken,52.7,0.0067,0.7300,0.0000
2026-07-24,Allsvenskan,2026,Häcken,52.4,0.0080,0.7060,0.0000
2026-07-25,Allsvenskan,2026,Häcken,52.5,0.0067,0.6833,0.0000
2026-07-26,Allsvenskan,2026,Häcken,52.2,0.0000,0.6900,0.0000
2026-07-27,Allsvenskan,2026,Häcken,52.5,0.0040,0.7427,0.0000
2026-08-01,Allsvenskan,2026,Häcken,50.5,0.0013,0.6167,0.0000
2026-08-02,Allsvenskan,2026,Häcken,50.5,0.0013,0.6320,0.0000
2026-08-03,Allsvenskan,2026,Häcken,50.5,0.0000,0.6413,0.0000
2026-08-08,Allsvenskan,2026,Häcken,50.4,0.0013,0.5953,0.0000
2026-08-09,Allsvenskan,2026,Häcken,47.8,0.0000,0.4080,0.0000
2026-08-10,Allsvenskan,2026,Häcken,47.8,0.0000,0.4036,0.0000
2026-08-11,Allsvenskan,2026,Häcken,47.9,0.0004,0.4040,0.0000
2026-08-12,Allsvenskan,2026,Häcken,47.8,0.0000,0.4036,0.0000
2026-08-13,Allsvenskan,2026,Häcken,47.9,0.0004,0.4040,0.0000
2026-08-14,Allsvenskan,2026,Häcken,47.9,0.0004,0.4040,0.0000
2026-08-15,Allsvenskan,2026,Häcken,47.8,0.0000,0.3632,0.0000
2026-08-16,Allsvenskan,2026,Häcken,48.0,0.0004,0.3782,0.0004
2026-04-04,Allsvenskan,2026,IFK Göteborg,38.6,0.0060,0.1387,0.2247
2026-04-05,Allsvenskan,2026,IFK Göteborg,34.0,0.0007,0.0280,0.3960
2026-04-06,Allsvenskan,2026,IFK Göteborg,35.6,0.0040,0.0540,0.4180
2026-04-11,Allsvenskan,2026,IFK Göteborg,28.5,0.0000,0.0053,0.7767
2026-04-12,Allsvenskan,2026,IFK Göteborg,28.5,0.0000,0.0027,0.7280
2026-04-13,Allsvenskan,2026,IFK Göteborg,28.6,0.0000,0.0033,0.7287
2026-04-17,Allsvenskan,2026,IFK Göteborg,27.9,0.0000,0.0020,0.7547
2026-04-18,Allsvenskan,2026,IFK Göteborg,35.3,0.0000,0.0180,0.2313
2026-04-19,Allsvenskan,2026,IFK Göteborg,35.0,0.0000,0.0113,0.2433
2026-04-22,Allsvenskan,2026,IFK Göteborg,34.8,0.0000,0.0107,0.2373
2026-04-23,Allsvenskan,2026,IFK Göteborg,35.4,0.0000,0.0093,0.1727
2026-04-26,Allsvenskan,2026,IFK Göteborg,34.8,0.0000,0.0133,0.2047
2026-04-27,Allsvenskan,2026,IFK Göteborg,34.1,0.0000,0.0120,0.2807
2026-05-02,Allsvenskan,2026,IFK Göteborg,34.4,0.0000,0.0107,0.2547
2026-05-03,Allsvenskan,2026,IFK Göteborg,34.8,0.0000,0.0120,0.1773
2026-05-04,Allsvenskan,2026,IFK Göteborg,26.3,0.0000,0.0000,0.6260
2026-05-08,Allsvenskan,2026,IFK Göteborg,26.5,0.0000,0.0000,0.6400
2026-05-09,Allsvenskan,2026,IFK Göteborg,25.0,0.0000,0.0000,0.6387
2026-05-10,Allsvenskan,2026,IFK Göteborg,25.3,0.0000,0.0000,0.6693
2026-05-11,Allsvenskan,2026,IFK Göteborg,25.3,0.0000,0.0000,0.6473
2026-05-16,Allsvenskan,2026,IFK Göteborg,25.4,0.0000,0.0000,0.6380
2026-05-17,Allsvenskan,2026,IFK Göteborg,25.3,0.0000,0.0000,0.6873
2026-05-18,Allsvenskan,2026,IFK Göteborg,25.9,0.0000,0.0000,0.6653
2026-05-19,Allsvenskan,2026,IFK Göteborg,31.4,0.0000,0.0000,0.3207
2026-05-20,Allsvenskan,2026,IFK Göteborg,31.1,0.0000,0.0000,0.3393
2026-05-21,Allsvenskan,2026,IFK Göteborg,31.6,0.0000,0.0007,0.3173
2026-05-22,Allsvenskan,2026,IFK Göteborg,31.7,0.0000,0.0000,0.3187
2026-05-23,Allsvenskan,2026,IFK Göteborg,31.4,0.0000,0.0007,0.3233
2026-05-24,Allsvenskan,2026,IFK Göteborg,31.4,0.0000,0.0000,0.3973
2026-05-25,Allsvenskan,2026,IFK Göteborg,32.5,0.0000,0.0020,0.3247
2026-05-29,Allsvenskan,2026,IFK Göteborg,32.4,0.0000,0.0020,0.3407
2026-05-30,Allsvenskan,2026,IFK Göteborg,32.4,0.0000,0.0033,0.3440
2026-05-31,Allsvenskan,2026,IFK Göteborg,34.2,0.0000,0.0060,0.2360
2026-07-03,Allsvenskan,2026,IFK Göteborg,34.2,0.0000,0.0033,0.2433
2026-07-04,Allsvenskan,2026,IFK Göteborg,34.2,0.0000,0.0040,0.2280
2026-07-05,Allsvenskan,2026,IFK Göteborg,31.9,0.0000,0.0007,0.3700
2026-07-06,Allsvenskan,2026,IFK Göteborg,32.3,0.0000,0.0000,0.3520
2026-07-11,Allsvenskan,2026,IFK Göteborg,31.8,0.0000,0.0007,0.3980
2026-07-12,Allsvenskan,2026,IFK Göteborg,30.0,0.0000,0.0000,0.4600
2026-07-13,Allsvenskan,2026,IFK Göteborg,29.9,0.0000,0.0000,0.4587
2026-07-17,Allsvenskan,2026,IFK Göteborg,33.3,0.0000,0.0000,0.2500
2026-07-18,Allsvenskan,2026,IFK Göteborg,33.2,0.0000,0.0020,0.2680
2026-07-19,Allsvenskan,2026,IFK Göteborg,33.7,0.0000,0.0007,0.1507
2026-07-20,Allsvenskan,2026,IFK Göteborg,33.7,0.0000,0.0007,0.1607
2026-07-24,Allsvenskan,2026,IFK Göteborg,33.5,0.0000,0.0000,0.1500
2026-07-25,Allsvenskan,2026,IFK Göteborg,33.4,0.0000,0.0000,0.1320
2026-07-26,Allsvenskan,2026,IFK Göteborg,31.9,0.0000,0.0000,0.1833
2026-07-27,Allsvenskan,2026,IFK Göteborg,31.9,0.0000,0.0020,0.1880
2026-08-01,Allsvenskan,2026,IFK Göteborg,31.8,0.0000,0.0013,0.2047
2026-08-02,Allsvenskan,2026,IFK Göteborg,34.2,0.0000,0.0020,0.1253
2026-08-03,Allsvenskan,2026,IFK Göteborg,34.0,0.0000,0.0020,0.1293
2026-08-08,Allsvenskan,2026,IFK Göteborg,33.9,0.0000,0.0013,0.1147
2026-08-09,Allsvenskan,2026,IFK Göteborg,36.6,0.0000,0.0073,0.0647
2026-08-10,Allsvenskan,2026,IFK Göteborg,36.5,0.0000,0.0058,0.0624
2026-08-11,Allsvenskan,2026,IFK Göteborg,36.6,0.0000,0.0078,0.0578
2026-08-12,Allsvenskan,2026,IFK Göteborg,36.5,0.0000,0.0058,0.0624
2026-08-13,Allsvenskan,2026,IFK Göteborg,36.6,0.0000,0.0078,0.0578
2026-08-14,Allsvenskan,2026,IFK Göteborg,36.6,0.0000,0.0078,0.0578
2026-08-15,Allsvenskan,2026,IFK Göteborg,36.6,0.0000,0.0054,0.0556
2026-08-16,Allsvenskan,2026,IFK Göteborg,36.5,0.0000,0.0046,0.0654
2026-04-04,Allsvenskan,2026,Kalmar,38.0,0.0047,0.1200,0.2480
2026-04-05,Allsvenskan,2026,Kalmar,44.9,0.0533,0.3320,0.0353
2026-04-06,Allsvenskan,2026,Kalmar,40.4,0.0320,0.1700,0.1660
2026-04-11,Allsvenskan,2026,Kalmar,40.5,0.0260,0.1540,0.1347
2026-04-12,Allsvenskan,2026,Kalmar,34.5,0.0007,0.0213,0.3787
2026-04-13,Allsvenskan,2026,Kalmar,34.5,0.0047,0.0300,0.3633
2026-04-17,Allsvenskan,2026,Kalmar,34.6,0.0007,0.0273,0.3573
2026-04-18,Allsvenskan,2026,Kalmar,34.6,0.0000,0.0147,0.2547
2026-04-19,Allsvenskan,2026,Kalmar,33.6,0.0000,0.0053,0.3000
2026-04-22,Allsvenskan,2026,Kalmar,33.4,0.0000,0.0080,0.2987
2026-04-23,Allsvenskan,2026,Kalmar,32.1,0.0000,0.0040,0.3340
2026-04-26,Allsvenskan,2026,Kalmar,32.3,0.0000,0.0060,0.3207
2026-04-27,Allsvenskan,2026,Kalmar,36.1,0.0000,0.0233,0.1813
2026-05-02,Allsvenskan,2026,Kalmar,33.8,0.0000,0.0133,0.2733
2026-05-03,Allsvenskan,2026,Kalmar,33.7,0.0000,0.0087,0.2333
2026-05-04,Allsvenskan,2026,Kalmar,34.1,0.0000,0.0020,0.1040
2026-05-08,Allsvenskan,2026,Kalmar,34.0,0.0000,0.0027,0.1147
2026-05-09,Allsvenskan,2026,Kalmar,33.8,0.0000,0.0053,0.0993
2026-05-10,Allsvenskan,2026,Kalmar,38.9,0.0000,0.0173,0.0187
2026-05-11,Allsvenskan,2026,Kalmar,38.5,0.0000,0.0100,0.0193
2026-05-16,Allsvenskan,2026,Kalmar,38.8,0.0000,0.0167,0.0147
2026-05-17,Allsvenskan,2026,Kalmar,39.3,0.0000,0.0153,0.0153
2026-05-18,Allsvenskan,2026,Kalmar,39.0,0.0000,0.0180,0.0187
2026-05-19,Allsvenskan,2026,Kalmar,39.0,0.0000,0.0167,0.0240
2026-05-20,Allsvenskan,2026,Kalmar,39.3,0.0000,0.0147,0.0300
2026-05-21,Allsvenskan,2026,Kalmar,39.4,0.0000,0.0240,0.0260
2026-05-22,Allsvenskan,2026,Kalmar,39.2,0.0000,0.0253,0.0380
2026-05-23,Allsvenskan,2026,Kalmar,41.3,0.0007,0.0500,0.0193
2026-05-24,Allsvenskan,2026,Kalmar,41.6,0.0000,0.0673,0.0107
2026-05-25,Allsvenskan,2026,Kalmar,41.5,0.0000,0.0660,0.0147
2026-05-29,Allsvenskan,2026,Kalmar,41.2,0.0000,0.0740,0.0240
2026-05-30,Allsvenskan,2026,Kalmar,39.0,0.0000,0.0313,0.0547
2026-05-31,Allsvenskan,2026,Kalmar,38.5,0.0000,0.0220,0.0633
2026-07-03,Allsvenskan,2026,Kalmar,38.8,0.0000,0.0280,0.0653
2026-07-04,Allsvenskan,2026,Kalmar,38.6,0.0000,0.0233,0.0627
2026-07-05,Allsvenskan,2026,Kalmar,42.0,0.0007,0.0720,0.0120
2026-07-06,Allsvenskan,2026,Kalmar,42.2,0.0000,0.0767,0.0160
2026-07-11,Allsvenskan,2026,Kalmar,42.0,0.0000,0.0893,0.0140
2026-07-12,Allsvenskan,2026,Kalmar,39.1,0.0000,0.0267,0.0353
2026-07-13,Allsvenskan,2026,Kalmar,39.2,0.0000,0.0247,0.0313
2026-07-17,Allsvenskan,2026,Kalmar,39.4,0.0000,0.0273,0.0327
2026-07-18,Allsvenskan,2026,Kalmar,39.1,0.0000,0.0240,0.0393
2026-07-19,Allsvenskan,2026,Kalmar,39.2,0.0000,0.0253,0.0147
2026-07-20,Allsvenskan,2026,Kalmar,38.7,0.0000,0.0167,0.0187
2026-07-24,Allsvenskan,2026,Kalmar,38.7,0.0000,0.0187,0.0180
2026-07-25,Allsvenskan,2026,Kalmar,40.6,0.0000,0.0280,0.0040
2026-07-26,Allsvenskan,2026,Kalmar,40.3,0.0000,0.0293,0.0080
2026-07-27,Allsvenskan,2026,Kalmar,40.5,0.0000,0.0320,0.0067
2026-08-01,Allsvenskan,2026,Kalmar,41.1,0.0000,0.0520,0.0040
2026-08-02,Allsvenskan,2026,Kalmar,41.0,0.0000,0.0460,0.0093
2026-08-03,Allsvenskan,2026,Kalmar,40.9,0.0000,0.0413,0.0060
2026-08-08,Allsvenskan,2026,Kalmar,40.8,0.0000,0.0420,0.0060
2026-08-09,Allsvenskan,2026,Kalmar,38.4,0.0000,0.0160,0.0247
2026-08-10,Allsvenskan,2026,Kalmar,38.4,0.0000,0.0158,0.0210
2026-08-11,Allsvenskan,2026,Kalmar,38.5,0.0000,0.0164,0.0228
2026-08-12,Allsvenskan,2026,Kalmar,38.4,0.0000,0.0158,0.0210
2026-08-13,Allsvenskan,2026,Kalmar,38.5,0.0000,0.0164,0.0228
2026-08-14,Allsvenskan,2026,Kalmar,38.5,0.0000,0.0164,0.0228
2026-08-15,Allsvenskan,2026,Kalmar,38.5,0.0000,0.0160,0.0190
2026-08-16,Allsvenskan,2026,Kalmar,38.5,0.0000,0.0122,0.0200
2026-04-04,Allsvenskan,2026,Malmö,38.0,0.0033,0.1173,0.2507
2026-04-05,Allsvenskan,2026,Malmö,46.8,0.0820,0.4293,0.0187
2026-04-06,Allsvenskan,2026,Malmö,42.5,0.0433,0.2687,0.1073
2026-04-11,Allsvenskan,2026,Malmö,42.7,0.0427,0.2653,0.0940
2026-04-12,Allsvenskan,2026,Malmö,45.5,0.0760,0.3413,0.0273
2026-04-13,Allsvenskan,2026,Malmö,45.6,0.0753,0.3560,0.0300
2026-04-17,Allsvenskan,2026,Malmö,46.0,0.0687,0.3713,0.0207
2026-04-18,Allsvenskan,2026,Malmö,45.7,0.0080,0.2647,0.0100
2026-04-19,Allsvenskan,2026,Malmö,45.9,0.0180,0.2567,0.0073
2026-04-22,Allsvenskan,2026,Malmö,45.7,0.0160,0.2500,0.0073
2026-04-23,Allsvenskan,2026,Malmö,42.5,0.0027,0.1453,0.0233
2026-04-26,Allsvenskan,2026,Malmö,42.3,0.0020,0.1393,0.0327
2026-04-27,Allsvenskan,2026,Malmö,44.1,0.0007,0.2133,0.0173
2026-05-02,Allsvenskan,2026,Malmö,44.4,0.0020,0.2500,0.0100
2026-05-03,Allsvenskan,2026,Malmö,41.9,0.0000,0.1120,0.0227
2026-05-04,Allsvenskan,2026,Malmö,42.1,0.0000,0.0753,0.0080
2026-05-08,Allsvenskan,2026,Malmö,42.5,0.0000,0.0833,0.0067
2026-05-09,Allsvenskan,2026,Malmö,42.6,0.0007,0.0673,0.0047
2026-05-10,Allsvenskan,2026,Malmö,38.4,0.0000,0.0127,0.0267
2026-05-11,Allsvenskan,2026,Malmö,38.3,0.0000,0.0087,0.0227
2026-05-16,Allsvenskan,2026,Malmö,38.2,0.0000,0.0127,0.0207
2026-05-17,Allsvenskan,2026,Malmö,35.2,0.0000,0.0053,0.0720
2026-05-18,Allsvenskan,2026,Malmö,35.3,0.0000,0.0020,0.0813
2026-05-19,Allsvenskan,2026,Malmö,34.7,0.0000,0.0053,0.1387
2026-05-20,Allsvenskan,2026,Malmö,34.6,0.0000,0.0033,0.1460
2026-05-21,Allsvenskan,2026,Malmö,34.8,0.0000,0.0007,0.1340
2026-05-22,Allsvenskan,2026,Malmö,34.7,0.0000,0.0027,0.1387
2026-05-23,Allsvenskan,2026,Malmö,34.5,0.0000,0.0047,0.1513
2026-05-24,Allsvenskan,2026,Malmö,33.4,0.0000,0.0047,0.2247
2026-05-25,Allsvenskan,2026,Malmö,33.3,0.0000,0.0033,0.2640
2026-05-29,Allsvenskan,2026,Malmö,33.2,0.0000,0.0033,0.2740
2026-05-30,Allsvenskan,2026,Malmö,37.5,0.0000,0.0247,0.0840
2026-05-31,Allsvenskan,2026,Malmö,37.5,0.0000,0.0193,0.0833
2026-07-03,Allsvenskan,2026,Malmö,38.1,0.0000,0.0187,0.0733
2026-07-04,Allsvenskan,2026,Malmö,40.9,0.0000,0.0600,0.0300
2026-07-05,Allsvenskan,2026,Malmö,40.9,0.0000,0.0493,0.0267
2026-07-06,Allsvenskan,2026,Malmö,41.0,0.0000,0.0487,0.0233
2026-07-11,Allsvenskan,2026,Malmö,41.0,0.0000,0.0560,0.0213
2026-07-12,Allsvenskan,2026,Malmö,44.8,0.0000,0.1580,0.0000
2026-07-13,Allsvenskan,2026,Malmö,44.7,0.0000,0.1480,0.0027
2026-07-17,Allsvenskan,2026,Malmö,44.8,0.0000,0.1580,0.0053
2026-07-18,Allsvenskan,2026,Malmö,44.8,0.0007,0.1787,0.0033
2026-07-19,Allsvenskan,2026,Malmö,44.8,0.0007,0.1520,0.0027
2026-07-20,Allsvenskan,2026,Malmö,44.4,0.0000,0.1507,0.0027
2026-07-24,Allsvenskan,2026,Malmö,44.2,0.0000,0.1320,0.0013
2026-07-25,Allsvenskan,2026,Malmö,44.4,0.0000,0.1400,0.0013
2026-07-26,Allsvenskan,2026,Malmö,42.2,0.0000,0.0700,0.0007
2026-07-27,Allsvenskan,2026,Malmö,42.4,0.0000,0.0667,0.0013
2026-08-01,Allsvenskan,2026,Malmö,42.1,0.0000,0.0787,0.0013
2026-08-02,Allsvenskan,2026,Malmö,43.9,0.0000,0.1340,0.0013
2026-08-03,Allsvenskan,2026,Malmö,43.7,0.0000,0.1160,0.0013
2026-08-08,Allsvenskan,2026,Malmö,43.9,0.0000,0.1207,0.0007
2026-08-09,Allsvenskan,2026,Malmö,42.0,0.0000,0.0800,0.0027
2026-08-10,Allsvenskan,2026,Malmö,42.1,0.0000,0.0852,0.0034
2026-08-11,Allsvenskan,2026,Malmö,42.2,0.0000,0.0894,0.0022
2026-08-12,Allsvenskan,2026,Malmö,42.1,0.0000,0.0852,0.0034
2026-08-13,Allsvenskan,2026,Malmö,42.2,0.0000,0.0894,0.0022
2026-08-14,Allsvenskan,2026,Malmö,42.2,0.0000,0.0894,0.0022
2026-08-15,Allsvenskan,2026,Malmö,42.2,0.0000,0.0734,0.0032
2026-08-16,Allsvenskan,2026,Malmö,42.2,0.0000,0.0714,0.0026
2026-04-04,Allsvenskan,2026,Mjällby,43.2,0.0253,0.3353,0.0827
2026-04-05,Allsvenskan,2026,Mjällby,39.3,0.0120,0.0993,0.1580
2026-04-06,Allsvenskan,2026,Mjällby,35.6,0.0087,0.0460,0.4267
2026-04-11,Allsvenskan,2026,Mjällby,33.4,0.0013,0.0247,0.4900
2026-04-12,Allsvenskan,2026,Mjällby,33.5,0.0027,0.0213,0.4473
2026-04-13,Allsvenskan,2026,Mjällby,33.1,0.0007,0.0127,0.4680
2026-04-17,Allsvenskan,2026,Mjällby,33.4,0.0007,0.0120,0.4380
2026-04-18,Allsvenskan,2026,Mjällby,35.5,0.0007,0.0240,0.2167
2026-04-19,Allsvenskan,2026,Mjällby,35.4,0.0000,0.0187,0.2287
2026-04-22,Allsvenskan,2026,Mjällby,35.5,0.0000,0.0167,0.1953
2026-04-23,Allsvenskan,2026,Mjällby,31.4,0.0000,0.0000,0.3860
2026-04-26,Allsvenskan,2026,Mjällby,31.5,0.0000,0.0040,0.4093
2026-04-27,Allsvenskan,2026,Mjällby,35.7,0.0000,0.0220,0.2020
2026-05-02,Allsvenskan,2026,Mjällby,35.7,0.0000,0.0233,0.2040
2026-05-03,Allsvenskan,2026,Mjällby,39.0,0.0007,0.0500,0.0507
2026-05-04,Allsvenskan,2026,Mjällby,39.5,0.0000,0.0327,0.0300
2026-05-08,Allsvenskan,2026,Mjällby,39.4,0.0000,0.0400,0.0267
2026-05-09,Allsvenskan,2026,Mjällby,44.7,0.0013,0.1247,0.0027
2026-05-10,Allsvenskan,2026,Mjällby,44.6,0.0000,0.0847,0.0013
2026-05-11,Allsvenskan,2026,Mjällby,45.0,0.0000,0.0980,0.0007
2026-05-16,Allsvenskan,2026,Mjällby,44.5,0.0013,0.1053,0.0020
2026-05-17,Allsvenskan,2026,Mjällby,39.8,0.0000,0.0107,0.0187
2026-05-18,Allsvenskan,2026,Mjällby,40.0,0.0000,0.0267,0.0147
2026-05-19,Allsvenskan,2026,Mjällby,39.8,0.0000,0.0207,0.0260
2026-05-20,Allsvenskan,2026,Mjällby,39.8,0.0000,0.0180,0.0293
2026-05-21,Allsvenskan,2026,Mjällby,38.0,0.0000,0.0053,0.0453
2026-05-22,Allsvenskan,2026,Mjällby,38.0,0.0000,0.0127,0.0507
2026-05-23,Allsvenskan,2026,Mjällby,37.6,0.0000,0.0100,0.0660
2026-05-24,Allsvenskan,2026,Mjällby,37.8,0.0000,0.0133,0.0700
2026-05-25,Allsvenskan,2026,Mjällby,37.0,0.0000,0.0107,0.0767
2026-05-29,Allsvenskan,2026,Mjällby,37.6,0.0000,0.0167,0.0720
2026-05-30,Allsvenskan,2026,Mjällby,37.2,0.0000,0.0160,0.0867
2026-05-31,Allsvenskan,2026,Mjällby,37.1,0.0000,0.0140,0.0880
2026-07-03,Allsvenskan,2026,Mjällby,38.5,0.0000,0.0160,0.0580
2026-07-04,Allsvenskan,2026,Mjällby,37.9,0.0000,0.0180,0.0660
2026-07-05,Allsvenskan,2026,Mjällby,37.7,0.0000,0.0180,0.0567
2026-07-06,Allsvenskan,2026,Mjällby,37.7,0.0000,0.0107,0.0753
2026-07-11,Allsvenskan,2026,Mjällby,37.7,0.0000,0.0180,0.0707
2026-07-12,Allsvenskan,2026,Mjällby,38.0,0.0000,0.0120,0.0387
2026-07-13,Allsvenskan,2026,Mjällby,37.8,0.0000,0.0140,0.0427
2026-07-17,Allsvenskan,2026,Mjällby,38.0,0.0000,0.0120,0.0427
2026-07-18,Allsvenskan,2026,Mjällby,38.5,0.0000,0.0253,0.0427
2026-07-19,Allsvenskan,2026,Mjällby,38.3,0.0000,0.0100,0.0287
2026-07-20,Allsvenskan,2026,Mjällby,38.5,0.0000,0.0213,0.0267
2026-07-24,Allsvenskan,2026,Mjällby,38.3,0.0000,0.0153,0.0220
2026-07-25,Allsvenskan,2026,Mjällby,37.0,0.0000,0.0080,0.0180
2026-07-26,Allsvenskan,2026,Mjällby,37.2,0.0000,0.0113,0.0260
2026-07-27,Allsvenskan,2026,Mjällby,37.0,0.0000,0.0067,0.0220
2026-08-01,Allsvenskan,2026,Mjällby,37.0,0.0000,0.0093,0.0207
2026-08-02,Allsvenskan,2026,Mjällby,37.0,0.0000,0.0133,0.0487
2026-08-03,Allsvenskan,2026,Mjällby,37.0,0.0000,0.0107,0.0500
2026-08-08,Allsvenskan,2026,Mjällby,34.3,0.0000,0.0040,0.0840
2026-08-09,Allsvenskan,2026,Mjällby,34.1,0.0000,0.0013,0.1147
2026-08-10,Allsvenskan,2026,Mjällby,34.2,0.0000,0.0022,0.1068
2026-08-11,Allsvenskan,2026,Mjällby,34.3,0.0000,0.0014,0.1220
2026-08-12,Allsvenskan,2026,Mjällby,34.2,0.0000,0.0022,0.1068
2026-08-13,Allsvenskan,2026,Mjällby,34.3,0.0000,0.0014,0.1220
2026-08-14,Allsvenskan,2026,Mjällby,34.3,0.0000,0.0014,0.1220
2026-08-15,Allsvenskan,2026,Mjällby,34.4,0.0000,0.0026,0.1098
2026-08-16,Allsvenskan,2026,Mjällby,36.5,0.0000,0.0072,0.0510
2026-04-04,Allsvenskan,2026,Sirius,56.3,0.4247,0.9127,0.0013
2026-04-05,Allsvenskan,2026,Sirius,52.2,0.2547,0.7233,0.0027
2026-04-06,Allsvenskan,2026,Sirius,48.1,0.1940,0.5673,0.0253
2026-04-11,Allsvenskan,2026,Sirius,47.4,0.1313,0.4953,0.0187
2026-04-12,Allsvenskan,2026,Sirius,47.7,0.1287,0.4580,0.0113
2026-04-13,Allsvenskan,2026,Sirius,51.7,0.2593,0.6967,0.0020
2026-04-17,Allsvenskan,2026,Sirius,51.8,0.2840,0.7227,0.0033
2026-04-18,Allsvenskan,2026,Sirius,59.4,0.4107,0.9353,0.0000
2026-04-19,Allsvenskan,2026,Sirius,59.3,0.4133,0.9287,0.0000
2026-04-22,Allsvenskan,2026,Sirius,59.4,0.4500,0.9320,0.0000
2026-04-23,Allsvenskan,2026,Sirius,62.4,0.6040,0.9747,0.0000
2026-04-26,Allsvenskan,2026,Sirius,62.8,0.6260,0.9773,0.0000
2026-04-27,Allsvenskan,2026,Sirius,63.4,0.6680,0.9860,0.0000
2026-05-02,Allsvenskan,2026,Sirius,65.4,0.7493,0.9960,0.0000
2026-05-03,Allsvenskan,2026,Sirius,64.9,0.5567,0.9947,0.0000
2026-05-04,Allsvenskan,2026,Sirius,64.4,0.5080,0.9867,0.0000
2026-05-08,Allsvenskan,2026,Sirius,64.7,0.5187,0.9887,0.0000
2026-05-09,Allsvenskan,2026,Sirius,64.8,0.4993,0.9880,0.0000
2026-05-10,Allsvenskan,2026,Sirius,64.7,0.4487,0.9727,0.0000
2026-05-11,Allsvenskan,2026,Sirius,67.2,0.6040,0.9933,0.0000
2026-05-16,Allsvenskan,2026,Sirius,66.9,0.5947,0.9940,0.0000
2026-05-17,Allsvenskan,2026,Sirius,67.2,0.5533,0.9960,0.0000
2026-05-18,Allsvenskan,2026,Sirius,68.9,0.6493,0.9993,0.0000
2026-05-19,Allsvenskan,2026,Sirius,68.6,0.6340,1.0000,0.0000
2026-05-20,Allsvenskan,2026,Sirius,68.7,0.7760,0.9940,0.0000
2026-05-21,Allsvenskan,2026,Sirius,69.0,0.8220,0.9967,0.0000
2026-05-22,Allsvenskan,2026,Sirius,68.6,0.7900,0.9980,0.0000
2026-05-23,Allsvenskan,2026,Sirius,68.7,0.8093,0.9973,0.0000
2026-05-24,Allsvenskan,2026,Sirius,68.9,0.8687,0.9993,0.0000
2026-05-25,Allsvenskan,2026,Sirius,69.4,0.8873,0.9987,0.0000
2026-05-29,Allsvenskan,2026,Sirius,69.1,0.8927,1.0000,0.0000
2026-05-30,Allsvenskan,2026,Sirius,70.3,0.9100,1.0000,0.0000
2026-05-31,Allsvenskan,2026,Sirius,70.3,0.9147,1.0000,0.0000
2026-07-03,Allsvenskan,2026,Sirius,67.5,0.8360,0.9980,0.0000
2026-07-04,Allsvenskan,2026,Sirius,67.7,0.8347,0.9980,0.0000
2026-07-05,Allsvenskan,2026,Sirius,67.6,0.8340,0.9987,0.0000
2026-07-06,Allsvenskan,2026,Sirius,68.0,0.8933,0.9993,0.0000
2026-07-11,Allsvenskan,2026,Sirius,67.9,0.9153,0.9987,0.0000
2026-07-12,Allsvenskan,2026,Sirius,68.9,0.9220,1.0000,0.0000
2026-07-13,Allsvenskan,2026,Sirius,68.7,0.9113,0.9973,0.0000
2026-07-17,Allsvenskan,2026,Sirius,68.6,0.9100,1.0000,0.0000
2026-07-18,Allsvenskan,2026,Sirius,68.5,0.8980,0.9993,0.0000
2026-07-19,Allsvenskan,2026,Sirius,69.7,0.9073,1.0000,0.0000
2026-07-20,Allsvenskan,2026,Sirius,69.5,0.9120,0.9987,0.0000
2026-07-24,Allsvenskan,2026,Sirius,69.5,0.9020,1.0000,0.0000
2026-07-25,Allsvenskan,2026,Sirius,69.4,0.8953,1.0000,0.0000
2026-07-26,Allsvenskan,2026,Sirius,70.9,0.9627,1.0000,0.0000
2026-07-27,Allsvenskan,2026,Sirius,70.9,0.9473,1.0000,0.0000
2026-08-01,Allsvenskan,2026,Sirius,70.9,0.9607,1.0000,0.0000
2026-08-02,Allsvenskan,2026,Sirius,70.6,0.9447,1.0000,0.0000
2026-08-03,Allsvenskan,2026,Sirius,71.5,0.9533,1.0000,0.0000
2026-08-08,Allsvenskan,2026,Sirius,71.6,0.9453,1.0000,0.0000
2026-08-09,Allsvenskan,2026,Sirius,71.7,0.9413,1.0000,0.0000
2026-08-10,Allsvenskan,2026,Sirius,71.5,0.9414,1.0000,0.0000
2026-08-11,Allsvenskan,2026,Sirius,70.0,0.9172,1.0000,0.0000
2026-08-12,Allsvenskan,2026,Sirius,71.5,0.9414,1.0000,0.0000
2026-08-13,Allsvenskan,2026,Sirius,70.0,0.9172,1.0000,0.0000
2026-08-14,Allsvenskan,2026,Sirius,70.0,0.9172,1.0000,0.0000
2026-08-15,Allsvenskan,2026,Sirius,69.9,0.9226,1.0000,0.0000
2026-08-16,Allsvenskan,2026,Sirius,67.7,0.8440,0.9998,0.0000
2026-04-04,Allsvenskan,2026,Västerås,38.0,0.0033,0.1293,0.2547
2026-04-05,Allsvenskan,2026,Västerås,46.0,0.0673,0.3707,0.0247
2026-04-06,Allsvenskan,2026,Västerås,42.2,0.0400,0.2340,0.1060
2026-04-11,Allsvenskan,2026,Västerås,40.0,0.0113,0.1420,0.1413
2026-04-12,Allsvenskan,2026,Västerås,39.8,0.0113,0.0993,0.1247
2026-04-13,Allsvenskan,2026,Västerås,40.2,0.0107,0.1247,0.1080
2026-04-17,Allsvenskan,2026,Västerås,39.9,0.0153,0.1133,0.1313
2026-04-18,Allsvenskan,2026,Västerås,33.2,0.0000,0.0047,0.3593
2026-04-19,Allsvenskan,2026,Västerås,32.9,0.0000,0.0013,0.3607
2026-04-22,Allsvenskan,2026,Västerås,32.6,0.0000,0.0053,0.3600
2026-04-23,Allsvenskan,2026,Västerås,32.3,0.0000,0.0047,0.3380
2026-04-26,Allsvenskan,2026,Västerås,35.3,0.0000,0.0127,0.1827
2026-04-27,Allsvenskan,2026,Västerås,35.6,0.0000,0.0193,0.2147
2026-05-02,Allsvenskan,2026,Västerås,35.8,0.0000,0.0287,0.1967
2026-05-03,Allsvenskan,2026,Västerås,30.4,0.0000,0.0027,0.4873
2026-05-04,Allsvenskan,2026,Västerås,30.9,0.0000,0.0020,0.3120
2026-05-08,Allsvenskan,2026,Västerås,30.6,0.0000,0.0007,0.3027
2026-05-09,Allsvenskan,2026,Västerås,28.4,0.0000,0.0000,0.3967
2026-05-10,Allsvenskan,2026,Västerås,29.1,0.0000,0.0000,0.3260
2026-05-11,Allsvenskan,2026,Västerås,29.0,0.0000,0.0000,0.3227
2026-05-16,Allsvenskan,2026,Västerås,28.8,0.0000,0.0000,0.3460
2026-05-17,Allsvenskan,2026,Västerås,31.6,0.0000,0.0007,0.1893
2026-05-18,Allsvenskan,2026,Västerås,31.8,0.0000,0.0007,0.1993
2026-05-19,Allsvenskan,2026,Västerås,31.3,0.0000,0.0007,0.3327
2026-05-20,Allsvenskan,2026,Västerås,31.4,0.0000,0.0013,0.3127
2026-05-21,Allsvenskan,2026,Västerås,31.5,0.0000,0.0013,0.3453
2026-05-22,Allsvenskan,2026,Västerås,31.2,0.0000,0.0000,0.3393
2026-05-23,Allsvenskan,2026,Västerås,31.4,0.0000,0.0007,0.3347
2026-05-24,Allsvenskan,2026,Västerås,34.8,0.0000,0.0007,0.1747
2026-05-25,Allsvenskan,2026,Västerås,34.8,0.0000,0.0067,0.1867
2026-05-29,Allsvenskan,2026,Västerås,34.5,0.0000,0.0040,0.1913
2026-05-30,Allsvenskan,2026,Västerås,34.4,0.0000,0.0053,0.2047
2026-05-31,Allsvenskan,2026,Västerås,35.0,0.0000,0.0047,0.1800
2026-07-03,Allsvenskan,2026,Västerås,35.1,0.0000,0.0047,0.1800
2026-07-04,Allsvenskan,2026,Västerås,40.2,0.0000,0.0333,0.0380
2026-07-05,Allsvenskan,2026,Västerås,40.1,0.0000,0.0273,0.0327
2026-07-06,Allsvenskan,2026,Västerås,40.3,0.0000,0.0393,0.0340
2026-07-11,Allsvenskan,2026,Västerås,39.8,0.0000,0.0467,0.0447
2026-07-12,Allsvenskan,2026,Västerås,42.2,0.0000,0.0747,0.0087
2026-07-13,Allsvenskan,2026,Västerås,42.1,0.0000,0.0693,0.0080
2026-07-17,Allsvenskan,2026,Västerås,41.1,0.0000,0.0500,0.0113
2026-07-18,Allsvenskan,2026,Västerås,41.3,0.0007,0.0580,0.0207
2026-07-19,Allsvenskan,2026,Västerås,41.4,0.0000,0.0420,0.0047
2026-07-20,Allsvenskan,2026,Västerås,41.4,0.0000,0.0460,0.0080
2026-07-24,Allsvenskan,2026,Västerås,44.4,0.0000,0.1300,0.0007
2026-07-25,Allsvenskan,2026,Västerås,44.1,0.0000,0.1053,0.0007
2026-07-26,Allsvenskan,2026,Västerås,44.5,0.0000,0.1327,0.0007
2026-07-27,Allsvenskan,2026,Västerås,44.3,0.0000,0.1173,0.0027
2026-08-01,Allsvenskan,2026,Västerås,44.3,0.0000,0.1380,0.0000
2026-08-02,Allsvenskan,2026,Västerås,44.1,0.0000,0.1320,0.0020
2026-08-03,Allsvenskan,2026,Västerås,40.6,0.0000,0.0307,0.0073
2026-08-08,Allsvenskan,2026,Västerås,40.5,0.0000,0.0307,0.0100
2026-08-09,Allsvenskan,2026,Västerås,40.5,0.0000,0.0353,0.0093
2026-08-10,Allsvenskan,2026,Västerås,40.5,0.0000,0.0370,0.0090
2026-08-11,Allsvenskan,2026,Västerås,42.0,0.0000,0.0634,0.0032
2026-08-12,Allsvenskan,2026,Västerås,40.5,0.0000,0.0370,0.0090
2026-08-13,Allsvenskan,2026,Västerås,42.0,0.0000,0.0634,0.0032
2026-08-14,Allsvenskan,2026,Västerås,42.0,0.0000,0.0634,0.0032
2026-08-15,Allsvenskan,2026,Västerås,40.0,0.0000,0.0192,0.0092
2026-08-16,Allsvenskan,2026,Västerås,40.0,0.0000,0.0208,0.0122
2026-04-04,Allsvenskan,2026,Örgryte,38.1,0.0060,0.1200,0.2507
2026-04-05,Allsvenskan,2026,Örgryte,43.9,0.0347,0.2633,0.0433
2026-04-06,Allsvenskan,2026,Örgryte,38.8,0.0167,0.1233,0.2347
2026-04-11,Allsvenskan,2026,Örgryte,41.1,0.0280,0.1707,0.1107
2026-04-12,Allsvenskan,2026,Örgryte,40.9,0.0180,0.1453,0.0973
2026-04-13,Allsvenskan,2026,Örgryte,40.6,0.0153,0.1380,0.1060
2026-04-17,Allsvenskan,2026,Örgryte,40.7,0.0147,0.1387,0.0960
2026-04-18,Allsvenskan,2026,Örgryte,27.4,0.0000,0.0013,0.7333
2026-04-19,Allsvenskan,2026,Örgryte,27.4,0.0000,0.0000,0.7153
2026-04-22,Allsvenskan,2026,Örgryte,24.1,0.0000,0.0000,0.8713
2026-04-23,Allsvenskan,2026,Örgryte,24.3,0.0000,0.0000,0.8407
2026-04-26,Allsvenskan,2026,Örgryte,23.9,0.0000,0.0000,0.8607
2026-04-27,Allsvenskan,2026,Örgryte,24.6,0.0000,0.0013,0.8773
2026-05-02,Allsvenskan,2026,Örgryte,24.7,0.0000,0.0000,0.8560
2026-05-03,Allsvenskan,2026,Örgryte,21.0,0.0000,0.0000,0.9547
2026-05-04,Allsvenskan,2026,Örgryte,21.6,0.0000,0.0000,0.9113
2026-05-08,Allsvenskan,2026,Örgryte,21.6,0.0000,0.0000,0.9020
2026-05-09,Allsvenskan,2026,Örgryte,21.7,0.0000,0.0000,0.8567
2026-05-10,Allsvenskan,2026,Örgryte,21.5,0.0000,0.0000,0.8840
2026-05-11,Allsvenskan,2026,Örgryte,19.9,0.0000,0.0000,0.9293
2026-05-16,Allsvenskan,2026,Örgryte,19.8,0.0000,0.0000,0.9340
2026-05-17,Allsvenskan,2026,Örgryte,19.8,0.0000,0.0000,0.9387
2026-05-18,Allsvenskan,2026,Örgryte,19.8,0.0000,0.0000,0.9507
2026-05-19,Allsvenskan,2026,Örgryte,18.7,0.0000,0.0000,0.9727
2026-05-20,Allsvenskan,2026,Örgryte,18.7,0.0000,0.0000,0.9773
2026-05-21,Allsvenskan,2026,Örgryte,18.4,0.0000,0.0000,0.9827
2026-05-22,Allsvenskan,2026,Örgryte,18.5,0.0000,0.0000,0.9747
2026-05-23,Allsvenskan,2026,Örgryte,17.4,0.0000,0.0000,0.9880
2026-05-24,Allsvenskan,2026,Örgryte,17.5,0.0000,0.0000,0.9907
2026-05-25,Allsvenskan,2026,Örgryte,17.5,0.0000,0.0000,0.9900
2026-05-29,Allsvenskan,2026,Örgryte,19.0,0.0000,0.0000,0.9760
2026-05-30,Allsvenskan,2026,Örgryte,19.4,0.0000,0.0000,0.9820
2026-05-31,Allsvenskan,2026,Örgryte,19.5,0.0000,0.0000,0.9853
2026-07-03,Allsvenskan,2026,Örgryte,19.3,0.0000,0.0000,0.9867
2026-07-04,Allsvenskan,2026,Örgryte,19.0,0.0000,0.0000,0.9867
2026-07-05,Allsvenskan,2026,Örgryte,17.5,0.0000,0.0000,0.9967
2026-07-06,Allsvenskan,2026,Örgryte,17.5,0.0000,0.0000,0.9933
2026-07-11,Allsvenskan,2026,Örgryte,22.4,0.0000,0.0000,0.9440
2026-07-12,Allsvenskan,2026,Örgryte,22.3,0.0000,0.0000,0.9407
2026-07-13,Allsvenskan,2026,Örgryte,22.3,0.0000,0.0000,0.9313
2026-07-17,Allsvenskan,2026,Örgryte,22.5,0.0000,0.0000,0.9527
2026-07-18,Allsvenskan,2026,Örgryte,22.1,0.0000,0.0000,0.9627
2026-07-19,Allsvenskan,2026,Örgryte,22.2,0.0000,0.0000,0.9467
2026-07-20,Allsvenskan,2026,Örgryte,23.6,0.0000,0.0000,0.9187
2026-07-24,Allsvenskan,2026,Örgryte,21.9,0.0000,0.0000,0.9527
2026-07-25,Allsvenskan,2026,Örgryte,22.1,0.0000,0.0000,0.9427
2026-07-26,Allsvenskan,2026,Örgryte,21.9,0.0000,0.0000,0.9440
2026-07-27,Allsvenskan,2026,Örgryte,21.9,0.0000,0.0000,0.9467
2026-08-01,Allsvenskan,2026,Örgryte,22.2,0.0000,0.0000,0.9360
2026-08-02,Allsvenskan,2026,Örgryte,26.4,0.0000,0.0000,0.8187
2026-08-03,Allsvenskan,2026,Örgryte,26.4,0.0000,0.0000,0.8073
2026-08-08,Allsvenskan,2026,Örgryte,25.0,0.0000,0.0000,0.8480
2026-08-09,Allsvenskan,2026,Örgryte,25.1,0.0000,0.0000,0.8893
2026-08-10,Allsvenskan,2026,Örgryte,25.1,0.0000,0.0000,0.8902
2026-08-11,Allsvenskan,2026,Örgryte,25.1,0.0000,0.0000,0.8926
2026-08-12,Allsvenskan,2026,Örgryte,25.1,0.0000,0.0000,0.8902
2026-08-13,Allsvenskan,2026,Örgryte,25.1,0.0000,0.0000,0.8926
2026-08-14,Allsvenskan,2026,Örgryte,25.1,0.0000,0.0000,0.8926
2026-08-15,Allsvenskan,2026,Örgryte,25.2,0.0000,0.0000,0.8910
2026-08-16,Allsvenskan,2026,Örgryte,25.2,0.0000,0.0000,0.9134
2026-08-10,Bundesliga,2026-2027,Augsburg,39.2,0.0000,0.0048,0.2016
2026-08-11,Bundesliga,2026-2027,Augsburg,39.2,0.0000,0.0048,0.2016
2026-08-12,Bundesliga,2026-2027,Augsburg,39.2,0.0000,0.0048,0.2016
2026-08-13,Bundesliga,2026-2027,Augsburg,39.2,0.0000,0.0048,0.2016
2026-08-14,Bundesliga,2026-2027,Augsburg,39.2,0.0000,0.0048,0.2016
2026-08-15,Bundesliga,2026-2027,Augsburg,39.1,0.0000,0.0048,0.2046
2026-08-16,Bundesliga,2026-2027,Augsburg,39.1,0.0000,0.0048,0.2048
2026-08-10,Bundesliga,2026-2027,Bayer Leverkusen,63.1,0.0212,0.7342,0.0000
2026-08-11,Bundesliga,2026-2027,Bayer Leverkusen,63.1,0.0212,0.7342,0.0000
2026-08-12,Bundesliga,2026-2027,Bayer Leverkusen,63.1,0.0212,0.7342,0.0000
2026-08-13,Bundesliga,2026-2027,Bayer Leverkusen,63.1,0.0212,0.7342,0.0000
2026-08-14,Bundesliga,2026-2027,Bayer Leverkusen,63.1,0.0212,0.7342,0.0000
2026-08-15,Bundesliga,2026-2027,Bayer Leverkusen,63.0,0.0212,0.7348,0.0000
2026-08-16,Bundesliga,2026-2027,Bayer Leverkusen,63.1,0.0214,0.7348,0.0000
2026-08-10,Bundesliga,2026-2027,Bayern Munich,82.2,0.9240,0.9996,0.0000
2026-08-11,Bundesliga,2026-2027,Bayern Munich,82.2,0.9240,0.9996,0.0000
2026-08-12,Bundesliga,2026-2027,Bayern Munich,82.2,0.9240,0.9996,0.0000
2026-08-13,Bundesliga,2026-2027,Bayern Munich,82.2,0.9240,0.9996,0.0000
2026-08-14,Bundesliga,2026-2027,Bayern Munich,82.2,0.9240,0.9996,0.0000
2026-08-15,Bundesliga,2026-2027,Bayern Munich,82.2,0.9242,0.9996,0.0000
2026-08-16,Bundesliga,2026-2027,Bayern Munich,82.2,0.9242,0.9996,0.0000
2026-08-10,Bundesliga,2026-2027,Borussia Dortmund,65.8,0.0374,0.8358,0.0000
2026-08-11,Bundesliga,2026-2027,Borussia Dortmund,65.8,0.0374,0.8358,0.0000
2026-08-12,Bundesliga,2026-2027,Borussia Dortmund,65.8,0.0374,0.8358,0.0000
2026-08-13,Bundesliga,2026-2027,Borussia Dortmund,65.8,0.0374,0.8358,0.0000
2026-08-14,Bundesliga,2026-2027,Borussia Dortmund,65.8,0.0374,0.8358,0.0000
2026-08-15,Bundesliga,2026-2027,Borussia Dortmund,65.8,0.0374,0.8350,0.0000
2026-08-16,Bundesliga,2026-2027,Borussia Dortmund,65.8,0.0374,0.8354,0.0000
2026-08-10,Bundesliga,2026-2027,Borussia Mönchengladbach,39.9,0.0000,0.0060,0.1684
2026-08-11,Bundesliga,2026-2027,Borussia Mönchengladbach,39.9,0.0000,0.0060,0.1684
2026-08-12,Bundesliga,2026-2027,Borussia Mönchengladbach,39.9,0.0000,0.0060,0.1684
2026-08-13,Bundesliga,2026-2027,Borussia Mönchengladbach,39.9,0.0000,0.0060,0.1684
2026-08-14,Bundesliga,2026-2027,Borussia Mönchengladbach,39.9,0.0000,0.0060,0.1684
2026-08-15,Bundesliga,2026-2027,Borussia Mönchengladbach,39.9,0.0000,0.0060,0.1706
2026-08-16,Bundesliga,2026-2027,Borussia Mönchengladbach,39.9,0.0000,0.0060,0.1706
2026-08-10,Bundesliga,2026-2027,Eintracht Frankfurt,46.0,0.0000,0.0422,0.0462
2026-08-11,Bundesliga,2026-2027,Eintracht Frankfurt,46.0,0.0000,0.0422,0.0462
2026-08-12,Bundesliga,2026-2027,Eintracht Frankfurt,46.0,0.0000,0.0422,0.0462
2026-08-13,Bundesliga,2026-2027,Eintracht Frankfurt,46.0,0.0000,0.0422,0.0462
2026-08-14,Bundesliga,2026-2027,Eintracht Frankfurt,46.0,0.0000,0.0422,0.0462
2026-08-15,Bundesliga,2026-2027,Eintracht Frankfurt,46.0,0.0000,0.0426,0.0458
2026-08-16,Bundesliga,2026-2027,Eintracht Frankfurt,45.9,0.0000,0.0424,0.0458
2026-08-10,Bundesliga,2026-2027,Elversberg,34.3,0.0000,0.0002,0.4518
2026-08-11,Bundesliga,2026-2027,Elversberg,34.3,0.0000,0.0002,0.4518
2026-08-12,Bundesliga,2026-2027,Elversberg,34.3,0.0000,0.0002,0.4518
2026-08-13,Bundesliga,2026-2027,Elversberg,34.3,0.0000,0.0002,0.4518
2026-08-14,Bundesliga,2026-2027,Elversberg,34.3,0.0000,0.0002,0.4518
2026-08-15,Bundesliga,2026-2027,Elversberg,34.2,0.0000,0.0002,0.4552
2026-08-16,Bundesliga,2026-2027,Elversberg,34.2,0.0000,0.0002,0.4546
2026-08-10,Bundesliga,2026-2027,Freiburg,42.9,0.0000,0.0154,0.0922
2026-08-11,Bundesliga,2026-2027,Freiburg,42.9,0.0000,0.0154,0.0922
2026-08-12,Bundesliga,2026-2027,Freiburg,42.9,0.0000,0.0154,0.0922
2026-08-13,Bundesliga,2026-2027,Freiburg,42.9,0.0000,0.0154,0.0922
2026-08-14,Bundesliga,2026-2027,Freiburg,42.9,0.0000,0.0154,0.0922
2026-08-15,Bundesliga,2026-2027,Freiburg,42.9,0.0000,0.0156,0.0934
2026-08-16,Bundesliga,2026-2027,Freiburg,42.9,0.0000,0.0156,0.0934
2026-08-10,Bundesliga,2026-2027,Hamburg,34.7,0.0000,0.0006,0.4200
2026-08-11,Bundesliga,2026-2027,Hamburg,34.7,0.0000,0.0006,0.4200
2026-08-12,Bundesliga,2026-2027,Hamburg,34.7,0.0000,0.0006,0.4200
2026-08-13,Bundesliga,2026-2027,Hamburg,34.7,0.0000,0.0006,0.4200
2026-08-14,Bundesliga,2026-2027,Hamburg,34.7,0.0000,0.0006,0.4200
2026-08-15,Bundesliga,2026-2027,Hamburg,34.6,0.0000,0.0006,0.4248
2026-08-16,Bundesliga,2026-2027,Hamburg,34.6,0.0000,0.0006,0.4246
2026-08-10,Bundesliga,2026-2027,Hoffenheim,51.2,0.0000,0.1482,0.0096
2026-08-11,Bundesliga,2026-2027,Hoffenheim,51.2,0.0000,0.1482,0.0096
2026-08-12,Bundesliga,2026-2027,Hoffenheim,51.2,0.0000,0.1482,0.0096
2026-08-13,Bundesliga,2026-2027,Hoffenheim,51.2,0.0000,0.1482,0.0096
2026-08-14,Bundesliga,2026-2027,Hoffenheim,51.2,0.0000,0.1482,0.0096
2026-08-15,Bundesliga,2026-2027,Hoffenheim,51.2,0.0000,0.1480,0.0098
2026-08-16,Bundesliga,2026-2027,Hoffenheim,51.2,0.0000,0.1476,0.0098
2026-08-10,Bundesliga,2026-2027,Köln,41.6,0.0000,0.0092,0.1180
2026-08-11,Bundesliga,2026-2027,Köln,41.6,0.0000,0.0092,0.1180
2026-08-12,Bundesliga,2026-2027,Köln,41.6,0.0000,0.0092,0.1180
2026-08-13,Bundesliga,2026-2027,Köln,41.6,0.0000,0.0092,0.1180
2026-08-14,Bundesliga,2026-2027,Köln,41.6,0.0000,0.0092,0.1180
2026-08-15,Bundesliga,2026-2027,Köln,41.6,0.0000,0.0088,0.1198
2026-08-16,Bundesliga,2026-2027,Köln,41.6,0.0000,0.0088,0.1198
2026-08-10,Bundesliga,2026-2027,Mainz,48.6,0.0000,0.0796,0.0200
2026-08-11,Bundesliga,2026-2027,Mainz,48.6,0.0000,0.0796,0.0200
2026-08-12,Bundesliga,2026-2027,Mainz,48.6,0.0000,0.0796,0.0200
2026-08-13,Bundesliga,2026-2027,Mainz,48.6,0.0000,0.0796,0.0200
2026-08-14,Bundesliga,2026-2027,Mainz,48.6,0.0000,0.0796,0.0200
2026-08-15,Bundesliga,2026-2027,Mainz,48.6,0.0000,0.0796,0.0202
2026-08-16,Bundesliga,2026-2027,Mainz,48.6,0.0000,0.0794,0.0202
2026-08-10,Bundesliga,2026-2027,Paderborn,34.5,0.0000,0.0008,0.4378
2026-08-11,Bundesliga,2026-2027,Paderborn,34.5,0.0000,0.0008,0.4378
2026-08-12,Bundesliga,2026-2027,Paderborn,34.5,0.0000,0.0008,0.4378
2026-08-13,Bundesliga,2026-2027,Paderborn,34.5,0.0000,0.0008,0.4378
2026-08-14,Bundesliga,2026-2027,Paderborn,34.5,0.0000,0.0008,0.4378
2026-08-15,Bundesliga,2026-2027,Paderborn,34.5,0.0000,0.0008,0.4432
2026-08-16,Bundesliga,2026-2027,Paderborn,34.5,0.0000,0.0008,0.4434
2026-08-10,Bundesliga,2026-2027,RB Leipzig,58.9,0.0062,0.4898,0.0004
2026-08-11,Bundesliga,2026-2027,RB Leipzig,58.9,0.0062,0.4898,0.0004
2026-08-12,Bundesliga,2026-2027,RB Leipzig,58.9,0.0062,0.4898,0.0004
2026-08-13,Bundesliga,2026-2027,RB Leipzig,58.9,0.0062,0.4898,0.0004
2026-08-14,Bundesliga,2026-2027,RB Leipzig,58.9,0.0062,0.4898,0.0004
2026-08-15,Bundesliga,2026-2027,RB Leipzig,58.8,0.0060,0.4896,0.0004
2026-08-16,Bundesliga,2026-2027,RB Leipzig,58.8,0.0060,0.4898,0.0004
2026-08-10,Bundesliga,2026-2027,Schalke 04,31.8,0.0000,0.0000,0.5948
2026-08-11,Bundesliga,2026-2027,Schalke 04,31.8,0.0000,0.0000,0.5948
2026-08-12,Bundesliga,2026-2027,Schalke 04,31.8,0.0000,0.0000,0.5948
2026-08-13,Bundesliga,2026-2027,Schalke 04,31.8,0.0000,0.0000,0.5948
2026-08-14,Bundesliga,2026-2027,Schalke 04,31.8,0.0000,0.0000,0.5948
2026-08-15,Bundesliga,2026-2027,Schalke 04,32.3,0.0000,0.0000,0.5672
2026-08-16,Bundesliga,2026-2027,Schalke 04,32.3,0.0000,0.0000,0.5676
2026-08-10,Bundesliga,2026-2027,Stuttgart,61.1,0.0112,0.6240,0.0002
2026-08-11,Bundesliga,2026-2027,Stuttgart,61.1,0.0112,0.6240,0.0002
2026-08-12,Bundesliga,2026-2027,Stuttgart,61.1,0.0112,0.6240,0.0002
2026-08-13,Bundesliga,2026-2027,Stuttgart,61.1,0.0112,0.6240,0.0002
2026-08-14,Bundesliga,2026-2027,Stuttgart,61.1,0.0112,0.6240,0.0002
2026-08-15,Bundesliga,2026-2027,Stuttgart,61.1,0.0112,0.6244,0.0002
2026-08-16,Bundesliga,2026-2027,Stuttgart,61.1,0.0110,0.6246,0.0002
2026-08-10,Bundesliga,2026-2027,Union Berlin,39.7,0.0000,0.0060,0.1804
2026-08-11,Bundesliga,2026-2027,Union Berlin,39.7,0.0000,0.0060,0.1804
2026-08-12,Bundesliga,2026-2027,Union Berlin,39.7,0.0000,0.0060,0.1804
2026-08-13,Bundesliga,2026-2027,Union Berlin,39.7,0.0000,0.0060,0.1804
2026-08-14,Bundesliga,2026-2027,Union Berlin,39.7,0.0000,0.0060,0.1804
2026-08-15,Bundesliga,2026-2027,Union Berlin,39.6,0.0000,0.0060,0.1822
2026-08-16,Bundesliga,2026-2027,Union Berlin,39.6,0.0000,0.0060,0.1820
2026-08-10,Bundesliga,2026-2027,Werder Bremen,37.7,0.0000,0.0036,0.2586
2026-08-11,Bundesliga,2026-2027,Werder Bremen,37.7,0.0000,0.0036,0.2586
2026-08-12,Bundesliga,2026-2027,Werder Bremen,37.7,0.0000,0.0036,0.2586
2026-08-13,Bundesliga,2026-2027,Werder Bremen,37.7,0.0000,0.0036,0.2586
2026-08-14,Bundesliga,2026-2027,Werder Bremen,37.7,0.0000,0.0036,0.2586
2026-08-15,Bundesliga,2026-2027,Werder Bremen,37.7,0.0000,0.0036,0.2626
2026-08-16,Bundesliga,2026-2027,Werder Bremen,37.7,0.0000,0.0036,0.2628
2026-08-10,La Liga,2026-2027,Athletic Bilbao,56.6,0.0012,0.1730,0.0118
2026-08-11,La Liga,2026-2027,Athletic Bilbao,56.6,0.0012,0.1730,0.0118
2026-08-12,La Liga,2026-2027,Athletic Bilbao,56.6,0.0012,0.1730,0.0118
2026-08-13,La Liga,2026-2027,Athletic Bilbao,56.6,0.0012,0.1730,0.0118
2026-08-14,La Liga,2026-2027,Athletic Bilbao,56.6,0.0012,0.1730,0.0118
2026-08-15,La Liga,2026-2027,Athletic Bilbao,56.6,0.0016,0.1686,0.0120
2026-08-16,La Liga,2026-2027,Athletic Bilbao,56.5,0.0010,0.1758,0.0104
2026-08-10,La Liga,2026-2027,Atlético Madrid,66.6,0.0246,0.6498,0.0000
2026-08-11,La Liga,2026-2027,Atlético Madrid,66.6,0.0246,0.6498,0.0000
2026-08-12,La Liga,2026-2027,Atlético Madrid,66.6,0.0246,0.6498,0.0000
2026-08-13,La Liga,2026-2027,Atlético Madrid,66.6,0.0246,0.6498,0.0000
2026-08-14,La Liga,2026-2027,Atlético Madrid,66.6,0.0246,0.6498,0.0000
2026-08-15,La Liga,2026-2027,Atlético Madrid,66.7,0.0238,0.6524,0.0000
2026-08-16,La Liga,2026-2027,Atlético Madrid,66.5,0.0172,0.6638,0.0000
2026-08-10,La Liga,2026-2027,Barcelona,84.8,0.7702,0.9972,0.0000
2026-08-11,La Liga,2026-2027,Barcelona,84.8,0.7700,0.9972,0.0000
2026-08-12,La Liga,2026-2027,Barcelona,84.8,0.7700,0.9972,0.0000
2026-08-13,La Liga,2026-2027,Barcelona,84.8,0.7700,0.9972,0.0000
2026-08-14,La Liga,2026-2027,Barcelona,84.8,0.7700,0.9972,0.0000
2026-08-15,La Liga,2026-2027,Barcelona,84.7,0.7708,0.9972,0.0000
2026-08-16,La Liga,2026-2027,Barcelona,85.0,0.7806,0.9980,0.0000
2026-08-10,La Liga,2026-2027,Celta Vigo,53.4,0.0006,0.0808,0.0224
2026-08-11,La Liga,2026-2027,Celta Vigo,53.4,0.0006,0.0808,0.0224
2026-08-12,La Liga,2026-2027,Celta Vigo,53.4,0.0006,0.0808,0.0224
2026-08-13,La Liga,2026-2027,Celta Vigo,53.4,0.0006,0.0808,0.0224
2026-08-14,La Liga,2026-2027,Celta Vigo,53.4,0.0006,0.0808,0.0224
2026-08-15,La Liga,2026-2027,Celta Vigo,53.4,0.0002,0.0796,0.0234
2026-08-16,La Liga,2026-2027,Celta Vigo,53.3,0.0002,0.0838,0.0280
2026-08-10,La Liga,2026-2027,Deportivo Alavés,48.9,0.0002,0.0290,0.0840
2026-08-11,La Liga,2026-2027,Deportivo Alavés,48.9,0.0002,0.0290,0.0840
2026-08-12,La Liga,2026-2027,Deportivo Alavés,48.9,0.0002,0.0290,0.0840
2026-08-13,La Liga,2026-2027,Deportivo Alavés,48.9,0.0002,0.0290,0.0840
2026-08-14,La Liga,2026-2027,Deportivo Alavés,48.9,0.0002,0.0290,0.0840
2026-08-15,La Liga,2026-2027,Deportivo Alavés,48.9,0.0000,0.0290,0.0830
2026-08-16,La Liga,2026-2027,Deportivo Alavés,50.2,0.0000,0.0324,0.0514
2026-08-10,La Liga,2026-2027,Deportivo de A Coruña,39.0,0.0000,0.0004,0.4662
2026-08-11,La Liga,2026-2027,Deportivo de A Coruña,39.0,0.0000,0.0004,0.4662
2026-08-12,La Liga,2026-2027,Deportivo de A Coruña,39.0,0.0000,0.0004,0.4662
2026-08-13,La Liga,2026-2027,Deportivo de A Coruña,39.0,0.0000,0.0004,0.4662
2026-08-14,La Liga,2026-2027,Deportivo de A Coruña,39.0,0.0000,0.0004,0.4662
2026-08-15,La Liga,2026-2027,Deportivo de A Coruña,39.1,0.0000,0.0008,0.4564
2026-08-16,La Liga,2026-2027,Deportivo de A Coruña,39.1,0.0000,0.0008,0.4712
2026-08-10,La Liga,2026-2027,Elche,41.9,0.0000,0.0028,0.3138
2026-08-11,La Liga,2026-2027,Elche,41.9,0.0000,0.0028,0.3138
2026-08-12,La Liga,2026-2027,Elche,41.9,0.0000,0.0028,0.3138
2026-08-13,La Liga,2026-2027,Elche,41.9,0.0000,0.0028,0.3138
2026-08-14,La Liga,2026-2027,Elche,41.9,0.0000,0.0028,0.3138
2026-08-15,La Liga,2026-2027,Elche,41.9,0.0000,0.0030,0.3134
2026-08-16,La Liga,2026-2027,Elche,41.9,0.0000,0.0036,0.3244
2026-08-10,La Liga,2026-2027,Espanyol,41.4,0.0000,0.0030,0.3400
2026-08-11,La Liga,2026-2027,Espanyol,41.4,0.0000,0.0030,0.3400
2026-08-12,La Liga,2026-2027,Espanyol,41.4,0.0000,0.0030,0.3400
2026-08-13,La Liga,2026-2027,Espanyol,41.4,0.0000,0.0030,0.3400
2026-08-14,La Liga,2026-2027,Espanyol,41.4,0.0000,0.0030,0.3400
2026-08-15,La Liga,2026-2027,Espanyol,41.4,0.0000,0.0022,0.3386
2026-08-16,La Liga,2026-2027,Espanyol,41.7,0.0000,0.0030,0.3172
2026-08-10,La Liga,2026-2027,Getafe,41.9,0.0000,0.0014,0.2946
2026-08-11,La Liga,2026-2027,Getafe,41.9,0.0000,0.0014,0.2946
2026-08-12,La Liga,2026-2027,Getafe,41.9,0.0000,0.0014,0.2946
2026-08-13,La Liga,2026-2027,Getafe,41.9,0.0000,0.0014,0.2946
2026-08-14,La Liga,2026-2027,Getafe,41.9,0.0000,0.0014,0.2946
2026-08-15,La Liga,2026-2027,Getafe,41.9,0.0000,0.0014,0.2892
2026-08-16,La Liga,2026-2027,Getafe,41.2,0.0000,0.0018,0.3316
2026-08-10,La Liga,2026-2027,Levante,48.6,0.0000,0.0298,0.0892
2026-08-11,La Liga,2026-2027,Levante,48.6,0.0000,0.0298,0.0892
2026-08-12,La Liga,2026-2027,Levante,48.6,0.0000,0.0298,0.0892
2026-08-13,La Liga,2026-2027,Levante,48.6,0.0000,0.0298,0.0892
2026-08-14,La Liga,2026-2027,Levante,48.6,0.0000,0.0298,0.0892
2026-08-15,La Liga,2026-2027,Levante,48.6,0.0002,0.0314,0.0902
2026-08-16,La Liga,2026-2027,Levante,48.8,0.0000,0.0280,0.0890
2026-08-10,La Liga,2026-2027,Málaga,39.2,0.0000,0.0010,0.4442
2026-08-11,La Liga,2026-2027,Málaga,39.2,0.0000,0.0010,0.4442
2026-08-12,La Liga,2026-2027,Málaga,39.2,0.0000,0.0010,0.4442
2026-08-13,La Liga,2026-2027,Málaga,39.2,0.0000,0.0010,0.4442
2026-08-14,La Liga,2026-2027,Málaga,39.2,0.0000,0.0010,0.4442
2026-08-15,La Liga,2026-2027,Málaga,39.2,0.0000,0.0006,0.4516
2026-08-16,La Liga,2026-2027,Málaga,38.9,0.0000,0.0010,0.4696
2026-08-10,La Liga,2026-2027,Osasuna,50.7,0.0004,0.0442,0.0468
2026-08-11,La Liga,2026-2027,Osasuna,50.7,0.0004,0.0442,0.0468
2026-08-12,La Liga,2026-2027,Osasuna,50.7,0.0004,0.0442,0.0468
2026-08-13,La Liga,2026-2027,Osasuna,50.7,0.0004,0.0442,0.0468
2026-08-14,La Liga,2026-2027,Osasuna,50.7,0.0004,0.0442,0.0468
2026-08-15,La Liga,2026-2027,Osasuna,50.7,0.0000,0.0416,0.0464
2026-08-16,La Liga,2026-2027,Osasuna,50.5,0.0002,0.0388,0.0556
2026-08-10,La Liga,2026-2027,Racing de Santander,39.1,0.0000,0.0006,0.4646
2026-08-11,La Liga,2026-2027,Racing de Santander,39.1,0.0000,0.0006,0.4646
2026-08-12,La Liga,2026-2027,Racing de Santander,39.1,0.0000,0.0006,0.4646
2026-08-13,La Liga,2026-2027,Racing de Santander,39.1,0.0000,0.0006,0.4646
2026-08-14,La Liga,2026-2027,Racing de Santander,39.1,0.0000,0.0006,0.4646
2026-08-15,La Liga,2026-2027,Racing de Santander,39.1,0.0000,0.0006,0.4710
2026-08-16,La Liga,2026-2027,Racing de Santander,38.9,0.0000,0.0008,0.4728
2026-08-10,La Liga,2026-2027,Rayo Vallecano,54.7,0.0004,0.1062,0.0162
2026-08-11,La Liga,2026-2027,Rayo Vallecano,54.7,0.0004,0.1062,0.0162
2026-08-12,La Liga,2026-2027,Rayo Vallecano,54.7,0.0004,0.1062,0.0162
2026-08-13,La Liga,2026-2027,Rayo Vallecano,54.7,0.0004,0.1062,0.0162
2026-08-14,La Liga,2026-2027,Rayo Vallecano,54.7,0.0004,0.1062,0.0162
2026-08-15,La Liga,2026-2027,Rayo Vallecano,54.6,0.0004,0.1094,0.0164
2026-08-16,La Liga,2026-2027,Rayo Vallecano,53.2,0.0002,0.0804,0.0242
2026-08-10,La Liga,2026-2027,Real Betis,60.2,0.0030,0.3106,0.0028
2026-08-11,La Liga,2026-2027,Real Betis,60.2,0.0030,0.3106,0.0028
2026-08-12,La Liga,2026-2027,Real Betis,60.2,0.0030,0.3106,0.0028
2026-08-13,La Liga,2026-2027,Real Betis,60.2,0.0030,0.3106,0.0028
2026-08-14,La Liga,2026-2027,Real Betis,60.2,0.0030,0.3106,0.0028
2026-08-15,La Liga,2026-2027,Real Betis,60.2,0.0028,0.3116,0.0034
2026-08-16,La Liga,2026-2027,Real Betis,60.1,0.0042,0.2998,0.0028
2026-08-10,La Liga,2026-2027,Real Madrid,76.2,0.1836,0.9492,0.0000
2026-08-11,La Liga,2026-2027,Real Madrid,76.2,0.1838,0.9492,0.0000
2026-08-12,La Liga,2026-2027,Real Madrid,76.2,0.1838,0.9492,0.0000
2026-08-13,La Liga,2026-2027,Real Madrid,76.2,0.1838,0.9492,0.0000
2026-08-14,La Liga,2026-2027,Real Madrid,76.2,0.1838,0.9492,0.0000
2026-08-15,La Liga,2026-2027,Real Madrid,76.3,0.1856,0.9500,0.0000
2026-08-16,La Liga,2026-2027,Real Madrid,76.3,0.1828,0.9566,0.0000
2026-08-10,La Liga,2026-2027,Real Sociedad,49.9,0.0000,0.0358,0.0604
2026-08-11,La Liga,2026-2027,Real Sociedad,49.9,0.0000,0.0358,0.0604
2026-08-12,La Liga,2026-2027,Real Sociedad,49.9,0.0000,0.0358,0.0604
2026-08-13,La Liga,2026-2027,Real Sociedad,49.9,0.0000,0.0358,0.0604
2026-08-14,La Liga,2026-2027,Real Sociedad,49.9,0.0000,0.0358,0.0604
2026-08-15,La Liga,2026-2027,Real Sociedad,49.8,0.0000,0.0386,0.0642
2026-08-16,La Liga,2026-2027,Real Sociedad,49.9,0.0004,0.0398,0.0634
2026-08-10,La Liga,2026-2027,Sevilla,42.1,0.0000,0.0032,0.2876
2026-08-11,La Liga,2026-2027,Sevilla,42.1,0.0000,0.0032,0.2876
2026-08-12,La Liga,2026-2027,Sevilla,42.1,0.0000,0.0032,0.2876
2026-08-13,La Liga,2026-2027,Sevilla,42.1,0.0000,0.0032,0.2876
2026-08-14,La Liga,2026-2027,Sevilla,42.1,0.0000,0.0032,0.2876
2026-08-15,La Liga,2026-2027,Sevilla,42.1,0.0000,0.0044,0.2850
2026-08-16,La Liga,2026-2027,Sevilla,43.8,0.0000,0.0044,0.2344
2026-08-10,La Liga,2026-2027,Valencia,50.4,0.0002,0.0398,0.0554
2026-08-11,La Liga,2026-2027,Valencia,50.4,0.0002,0.0398,0.0554
2026-08-12,La Liga,2026-2027,Valencia,50.4,0.0002,0.0398,0.0554
2026-08-13,La Liga,2026-2027,Valencia,50.4,0.0002,0.0398,0.0554
2026-08-14,La Liga,2026-2027,Valencia,50.4,0.0002,0.0398,0.0554
2026-08-15,La Liga,2026-2027,Valencia,50.4,0.0002,0.0380,0.0556
2026-08-16,La Liga,2026-2027,Valencia,50.3,0.0004,0.0404,0.0538
2026-08-10,La Liga,2026-2027,Villarreal,64.4,0.0156,0.5422,0.0000
2026-08-11,La Liga,2026-2027,Villarreal,64.4,0.0156,0.5422,0.0000
2026-08-12,La Liga,2026-2027,Villarreal,64.4,0.0156,0.5422,0.0000
2026-08-13,La Liga,2026-2027,Villarreal,64.4,0.0156,0.5422,0.0000
2026-08-14,La Liga,2026-2027,Villarreal,64.4,0.0156,0.5422,0.0000
2026-08-15,La Liga,2026-2027,Villarreal,64.4,0.0144,0.5396,0.0002
2026-08-16,La Liga,2026-2027,Villarreal,64.3,0.0128,0.5470,0.0002
2026-08-10,Ligue 1,2026-2027,Angers,28.0,0.0000,0.0000,0.7704
2026-08-11,Ligue 1,2026-2027,Angers,28.0,0.0000,0.0000,0.7704
2026-08-12,Ligue 1,2026-2027,Angers,28.0,0.0000,0.0000,0.7704
2026-08-13,Ligue 1,2026-2027,Angers,28.0,0.0000,0.0000,0.7704
2026-08-14,Ligue 1,2026-2027,Angers,28.0,0.0000,0.0000,0.7704
2026-08-15,Ligue 1,2026-2027,Angers,28.0,0.0000,0.0000,0.7688
2026-08-16,Ligue 1,2026-2027,Angers,28.0,0.0000,0.0000,0.7690
2026-08-10,Ligue 1,2026-2027,Auxerre,39.8,0.0000,0.0044,0.1286
2026-08-11,Ligue 1,2026-2027,Auxerre,39.8,0.0000,0.0044,0.1286
2026-08-12,Ligue 1,2026-2027,Auxerre,39.8,0.0000,0.0044,0.1286
2026-08-13,Ligue 1,2026-2027,Auxerre,39.8,0.0000,0.0044,0.1286
2026-08-14,Ligue 1,2026-2027,Auxerre,39.8,0.0000,0.0044,0.1286
2026-08-15,Ligue 1,2026-2027,Auxerre,39.8,0.0000,0.0040,0.1342
2026-08-16,Ligue 1,2026-2027,Auxerre,39.8,0.0000,0.0040,0.1342
2026-08-10,Ligue 1,2026-2027,Brest,38.9,0.0000,0.0018,0.1668
2026-08-11,Ligue 1,2026-2027,Brest,38.9,0.0000,0.0018,0.1668
2026-08-12,Ligue 1,2026-2027,Brest,38.9,0.0000,0.0018,0.1668
2026-08-13,Ligue 1,2026-2027,Brest,38.9,0.0000,0.0018,0.1668
2026-08-14,Ligue 1,2026-2027,Brest,38.9,0.0000,0.0018,0.1668
2026-08-15,Ligue 1,2026-2027,Brest,38.9,0.0000,0.0020,0.1662
2026-08-16,Ligue 1,2026-2027,Brest,38.9,0.0000,0.0020,0.1662
2026-08-10,Ligue 1,2026-2027,Le Havre,34.0,0.0000,0.0006,0.4028
2026-08-11,Ligue 1,2026-2027,Le Havre,34.0,0.0000,0.0006,0.4028
2026-08-12,Ligue 1,2026-2027,Le Havre,34.0,0.0000,0.0006,0.4028
2026-08-13,Ligue 1,2026-2027,Le Havre,34.0,0.0000,0.0006,0.4028
2026-08-14,Ligue 1,2026-2027,Le Havre,34.0,0.0000,0.0006,0.4028
2026-08-15,Ligue 1,2026-2027,Le Havre,34.0,0.0000,0.0008,0.4016
2026-08-16,Ligue 1,2026-2027,Le Havre,34.0,0.0000,0.0008,0.4014
2026-08-10,Ligue 1,2026-2027,Le Mans,34.7,0.0000,0.0010,0.3632
2026-08-11,Ligue 1,2026-2027,Le Mans,34.7,0.0000,0.0010,0.3632
2026-08-12,Ligue 1,2026-2027,Le Mans,34.7,0.0000,0.0010,0.3632
2026-08-13,Ligue 1,2026-2027,Le Mans,34.7,0.0000,0.0010,0.3632
2026-08-14,Ligue 1,2026-2027,Le Mans,34.7,0.0000,0.0010,0.3632
2026-08-15,Ligue 1,2026-2027,Le Mans,34.7,0.0000,0.0010,0.3610
2026-08-16,Ligue 1,2026-2027,Le Mans,34.7,0.0000,0.0010,0.3612
2026-08-10,Ligue 1,2026-2027,Lens,66.9,0.1242,0.8720,0.0000
2026-08-11,Ligue 1,2026-2027,Lens,66.9,0.1242,0.8720,0.0000
2026-08-12,Ligue 1,2026-2027,Lens,66.9,0.1242,0.8720,0.0000
2026-08-13,Ligue 1,2026-2027,Lens,66.9,0.1242,0.8720,0.0000
2026-08-14,Ligue 1,2026-2027,Lens,66.9,0.1242,0.8720,0.0000
2026-08-15,Ligue 1,2026-2027,Lens,66.9,0.1232,0.8728,0.0000
2026-08-16,Ligue 1,2026-2027,Lens,66.9,0.1230,0.8728,0.0000
2026-08-10,Ligue 1,2026-2027,Lille,59.5,0.0210,0.5296,0.0000
2026-08-11,Ligue 1,2026-2027,Lille,59.5,0.0210,0.5296,0.0000
2026-08-12,Ligue 1,2026-2027,Lille,59.5,0.0210,0.5296,0.0000
2026-08-13,Ligue 1,2026-2027,Lille,59.5,0.0210,0.5296,0.0000
2026-08-14,Ligue 1,2026-2027,Lille,59.5,0.0210,0.5296,0.0000
2026-08-15,Ligue 1,2026-2027,Lille,59.5,0.0206,0.5326,0.0000
2026-08-16,Ligue 1,2026-2027,Lille,59.5,0.0206,0.5326,0.0000
2026-08-10,Ligue 1,2026-2027,Lorient,42.7,0.0000,0.0132,0.0692
2026-08-11,Ligue 1,2026-2027,Lorient,42.7,0.0000,0.0132,0.0692
2026-08-12,Ligue 1,2026-2027,Lorient,42.7,0.0000,0.0132,0.0692
2026-08-13,Ligue 1,2026-2027,Lorient,42.7,0.0000,0.0132,0.0692
2026-08-14,Ligue 1,2026-2027,Lorient,42.7,0.0000,0.0132,0.0692
2026-08-15,Ligue 1,2026-2027,Lorient,42.7,0.0000,0.0126,0.0694
2026-08-16,Ligue 1,2026-2027,Lorient,42.7,0.0000,0.0126,0.0694
2026-08-10,Ligue 1,2026-2027,Lyon,54.3,0.0046,0.2686,0.0026
2026-08-11,Ligue 1,2026-2027,Lyon,54.3,0.0046,0.2686,0.0026
2026-08-12,Ligue 1,2026-2027,Lyon,54.3,0.0046,0.2686,0.0026
2026-08-13,Ligue 1,2026-2027,Lyon,54.3,0.0046,0.2686,0.0026
2026-08-14,Ligue 1,2026-2027,Lyon,54.3,0.0046,0.2686,0.0026
2026-08-15,Ligue 1,2026-2027,Lyon,54.3,0.0038,0.2664,0.0028
2026-08-16,Ligue 1,2026-2027,Lyon,54.3,0.0038,0.2664,0.0028
2026-08-10,Ligue 1,2026-2027,Marseille,59.4,0.0188,0.5290,0.0002
2026-08-11,Ligue 1,2026-2027,Marseille,59.4,0.0188,0.5290,0.0002
2026-08-12,Ligue 1,2026-2027,Marseille,59.4,0.0188,0.5290,0.0002
2026-08-13,Ligue 1,2026-2027,Marseille,59.4,0.0188,0.5290,0.0002
2026-08-14,Ligue 1,2026-2027,Marseille,59.4,0.0188,0.5290,0.0002
2026-08-15,Ligue 1,2026-2027,Marseille,59.4,0.0174,0.5308,0.0002
2026-08-16,Ligue 1,2026-2027,Marseille,59.4,0.0174,0.5306,0.0002
2026-08-10,Ligue 1,2026-2027,Monaco,57.0,0.0114,0.4068,0.0006
2026-08-11,Ligue 1,2026-2027,Monaco,57.0,0.0114,0.4068,0.0006
2026-08-12,Ligue 1,2026-2027,Monaco,57.0,0.0114,0.4068,0.0006
2026-08-13,Ligue 1,2026-2027,Monaco,57.0,0.0114,0.4068,0.0006
2026-08-14,Ligue 1,2026-2027,Monaco,57.0,0.0114,0.4068,0.0006
2026-08-15,Ligue 1,2026-2027,Monaco,57.0,0.0110,0.4032,0.0004
2026-08-16,Ligue 1,2026-2027,Monaco,57.0,0.0110,0.4034,0.0004
2026-08-10,Ligue 1,2026-2027,Nice,43.8,0.0002,0.0200,0.0504
2026-08-11,Ligue 1,2026-2027,Nice,43.8,0.0002,0.0200,0.0504
2026-08-12,Ligue 1,2026-2027,Nice,43.8,0.0002,0.0200,0.0504
2026-08-13,Ligue 1,2026-2027,Nice,43.8,0.0002,0.0200,0.0504
2026-08-14,Ligue 1,2026-2027,Nice,43.8,0.0002,0.0200,0.0504
2026-08-15,Ligue 1,2026-2027,Nice,43.8,0.0002,0.0200,0.0496
2026-08-16,Ligue 1,2026-2027,Nice,43.8,0.0002,0.0200,0.0496
2026-08-10,Ligue 1,2026-2027,Paris FC,47.6,0.0000,0.0642,0.0158
2026-08-11,Ligue 1,2026-2027,Paris FC,47.6,0.0000,0.0642,0.0158
2026-08-12,Ligue 1,2026-2027,Paris FC,47.6,0.0000,0.0642,0.0158
2026-08-13,Ligue 1,2026-2027,Paris FC,47.6,0.0000,0.0642,0.0158
2026-08-14,Ligue 1,2026-2027,Paris FC,47.6,0.0000,0.0642,0.0158
2026-08-15,Ligue 1,2026-2027,Paris FC,47.6,0.0000,0.0624,0.0158
2026-08-16,Ligue 1,2026-2027,Paris FC,47.6,0.0000,0.0624,0.0158
2026-08-10,Ligue 1,2026-2027,Paris Saint-Germain,77.4,0.8170,0.9972,0.0000
2026-08-11,Ligue 1,2026-2027,Paris Saint-Germain,77.4,0.8170,0.9972,0.0000
2026-08-12,Ligue 1,2026-2027,Paris Saint-Germain,77.4,0.8170,0.9972,0.0000
2026-08-13,Ligue 1,2026-2027,Paris Saint-Germain,77.4,0.8170,0.9972,0.0000
2026-08-14,Ligue 1,2026-2027,Paris Saint-Germain,77.4,0.8170,0.9972,0.0000
2026-08-15,Ligue 1,2026-2027,Paris Saint-Germain,77.5,0.8210,0.9970,0.0000
2026-08-16,Ligue 1,2026-2027,Paris Saint-Germain,77.5,0.8212,0.9970,0.0000
2026-08-10,Ligue 1,2026-2027,Rennes,48.4,0.0006,0.0776,0.0186
2026-08-11,Ligue 1,2026-2027,Rennes,48.4,0.0006,0.0776,0.0186
2026-08-12,Ligue 1,2026-2027,Rennes,48.4,0.0006,0.0776,0.0186
2026-08-13,Ligue 1,2026-2027,Rennes,48.4,0.0006,0.0776,0.0186
2026-08-14,Ligue 1,2026-2027,Rennes,48.4,0.0006,0.0776,0.0186
2026-08-15,Ligue 1,2026-2027,Rennes,48.4,0.0006,0.0790,0.0186
2026-08-16,Ligue 1,2026-2027,Rennes,48.4,0.0006,0.0790,0.0184
2026-08-10,Ligue 1,2026-2027,Strasbourg,50.8,0.0022,0.1308,0.0068
2026-08-11,Ligue 1,2026-2027,Strasbourg,50.8,0.0022,0.1308,0.0068
2026-08-12,Ligue 1,2026-2027,Strasbourg,50.8,0.0022,0.1308,0.0068
2026-08-13,Ligue 1,2026-2027,Strasbourg,50.8,0.0022,0.1308,0.0068
2026-08-14,Ligue 1,2026-2027,Strasbourg,50.8,0.0022,0.1308,0.0068
2026-08-15,Ligue 1,2026-2027,Strasbourg,50.8,0.0020,0.1306,0.0072
2026-08-16,Ligue 1,2026-2027,Strasbourg,50.8,0.0020,0.1306,0.0072
2026-08-10,Ligue 1,2026-2027,Toulouse,48.9,0.0000,0.0832,0.0124
2026-08-11,Ligue 1,2026-2027,Toulouse,48.9,0.0000,0.0832,0.0124
2026-08-12,Ligue 1,2026-2027,Toulouse,48.9,0.0000,0.0832,0.0124
2026-08-13,Ligue 1,2026-2027,Toulouse,48.9,0.0000,0.0832,0.0124
2026-08-14,Ligue 1,2026-2027,Toulouse,48.9,0.0000,0.0832,0.0124
2026-08-15,Ligue 1,2026-2027,Toulouse,48.9,0.0002,0.0848,0.0124
2026-08-16,Ligue 1,2026-2027,Toulouse,48.9,0.0002,0.0848,0.0124
2026-08-10,Ligue 1,2026-2027,Troyes,17.7,0.0000,0.0000,0.9916
2026-08-11,Ligue 1,2026-2027,Troyes,17.7,0.0000,0.0000,0.9916
2026-08-12,Ligue 1,2026-2027,Troyes,17.7,0.0000,0.0000,0.9916
2026-08-13,Ligue 1,2026-2027,Troyes,17.7,0.0000,0.0000,0.9916
2026-08-14,Ligue 1,2026-2027,Troyes,17.7,0.0000,0.0000,0.9916
2026-08-15,Ligue 1,2026-2027,Troyes,17.7,0.0000,0.0000,0.9918
2026-08-16,Ligue 1,2026-2027,Troyes,17.7,0.0000,0.0000,0.9918
2026-08-10,Premier League,2026-2027,Arsenal,80.9,0.6134,0.9864,0.0000
2026-08-11,Premier League,2026-2027,Arsenal,80.9,0.6134,0.9864,0.0000
2026-08-12,Premier League,2026-2027,Arsenal,80.9,0.6134,0.9864,0.0000
2026-08-13,Premier League,2026-2027,Arsenal,80.9,0.6134,0.9864,0.0000
2026-08-14,Premier League,2026-2027,Arsenal,80.9,0.6134,0.9864,0.0000
2026-08-15,Premier League,2026-2027,Arsenal,80.9,0.6132,0.9864,0.0000
2026-08-16,Premier League,2026-2027,Arsenal,80.9,0.6132,0.9864,0.0000
2026-08-10,Premier League,2026-2027,Aston Villa,56.3,0.0018,0.1422,0.0124
2026-08-11,Premier League,2026-2027,Aston Villa,56.3,0.0018,0.1422,0.0124
2026-08-12,Premier League,2026-2027,Aston Villa,56.3,0.0018,0.1422,0.0124
2026-08-13,Premier League,2026-2027,Aston Villa,56.3,0.0018,0.1422,0.0124
2026-08-14,Premier League,2026-2027,Aston Villa,56.3,0.0018,0.1422,0.0124
2026-08-15,Premier League,2026-2027,Aston Villa,56.3,0.0018,0.1422,0.0124
2026-08-16,Premier League,2026-2027,Aston Villa,56.3,0.0018,0.1422,0.0124
2026-08-10,Premier League,2026-2027,Bournemouth,58.7,0.0062,0.2224,0.0042
2026-08-11,Premier League,2026-2027,Bournemouth,58.7,0.0062,0.2224,0.0042
2026-08-12,Premier League,2026-2027,Bournemouth,58.7,0.0062,0.2224,0.0042
2026-08-13,Premier League,2026-2027,Bournemouth,58.7,0.0062,0.2224,0.0042
2026-08-14,Premier League,2026-2027,Bournemouth,58.7,0.0062,0.2224,0.0042
2026-08-15,Premier League,2026-2027,Bournemouth,58.7,0.0062,0.2224,0.0042
2026-08-16,Premier League,2026-2027,Bournemouth,58.7,0.0062,0.2224,0.0042
2026-08-10,Premier League,2026-2027,Brentford,54.2,0.0008,0.0862,0.0190
2026-08-11,Premier League,2026-2027,Brentford,54.2,0.0008,0.0862,0.0190
2026-08-12,Premier League,2026-2027,Brentford,54.2,0.0008,0.0862,0.0190
2026-08-13,Premier League,2026-2027,Brentford,54.2,0.0008,0.0862,0.0190
2026-08-14,Premier League,2026-2027,Brentford,54.2,0.0008,0.0862,0.0190
2026-08-15,Premier League,2026-2027,Brentford,54.2,0.0008,0.0862,0.0190
2026-08-16,Premier League,2026-2027,Brentford,54.2,0.0008,0.0862,0.0190
2026-08-10,Premier League,2026-2027,Brighton and Hove Albion,57.3,0.0022,0.1772,0.0066
2026-08-11,Premier League,2026-2027,Brighton and Hove Albion,57.3,0.0022,0.1772,0.0066
2026-08-12,Premier League,2026-2027,Brighton and Hove Albion,57.3,0.0022,0.1772,0.0066
2026-08-13,Premier League,2026-2027,Brighton and Hove Albion,57.3,0.0022,0.1772,0.0066
2026-08-14,Premier League,2026-2027,Brighton and Hove Albion,57.3,0.0022,0.1772,0.0066
2026-08-15,Premier League,2026-2027,Brighton and Hove Albion,57.3,0.0022,0.1772,0.0066
2026-08-16,Premier League,2026-2027,Brighton and Hove Albion,57.3,0.0022,0.1772,0.0066
2026-08-10,Premier League,2026-2027,Chelsea,56.7,0.0022,0.1538,0.0066
2026-08-11,Premier League,2026-2027,Chelsea,56.7,0.0022,0.1538,0.0066
2026-08-12,Premier League,2026-2027,Chelsea,56.7,0.0022,0.1538,0.0066
2026-08-13,Premier League,2026-2027,Chelsea,56.7,0.0022,0.1538,0.0066
2026-08-14,Premier League,2026-2027,Chelsea,56.7,0.0022,0.1538,0.0066
2026-08-15,Premier League,2026-2027,Chelsea,56.7,0.0022,0.1538,0.0066
2026-08-16,Premier League,2026-2027,Chelsea,56.7,0.0022,0.1538,0.0066
2026-08-10,Premier League,2026-2027,Coventry City,37.5,0.0000,0.0006,0.5296
2026-08-11,Premier League,2026-2027,Coventry City,37.5,0.0000,0.0006,0.5296
2026-08-12,Premier League,2026-2027,Coventry City,37.5,0.0000,0.0006,0.5296
2026-08-13,Premier League,2026-2027,Coventry City,37.5,0.0000,0.0006,0.5296
2026-08-14,Premier League,2026-2027,Coventry City,37.5,0.0000,0.0006,0.5296
2026-08-15,Premier League,2026-2027,Coventry City,37.5,0.0000,0.0006,0.5296
2026-08-16,Premier League,2026-2027,Coventry City,37.5,0.0000,0.0006,0.5298
2026-08-10,Premier League,2026-2027,Crystal Palace,49.7,0.0002,0.0316,0.0624
2026-08-11,Premier League,2026-2027,Crystal Palace,49.7,0.0002,0.0316,0.0624
2026-08-12,Premier League,2026-2027,Crystal Palace,49.7,0.0002,0.0316,0.0624
2026-08-13,Premier League,2026-2027,Crystal Palace,49.7,0.0002,0.0316,0.0624
2026-08-14,Premier League,2026-2027,Crystal Palace,49.7,0.0002,0.0316,0.0624
2026-08-15,Premier League,2026-2027,Crystal Palace,49.7,0.0002,0.0316,0.0624
2026-08-16,Premier League,2026-2027,Crystal Palace,49.7,0.0002,0.0316,0.0622
2026-08-10,Premier League,2026-2027,Everton,46.2,0.0000,0.0106,0.1318
2026-08-11,Premier League,2026-2027,Everton,46.2,0.0000,0.0106,0.1320
2026-08-12,Premier League,2026-2027,Everton,46.2,0.0000,0.0106,0.1320
2026-08-13,Premier League,2026-2027,Everton,46.2,0.0000,0.0106,0.1320
2026-08-14,Premier League,2026-2027,Everton,46.2,0.0000,0.0106,0.1320
2026-08-15,Premier League,2026-2027,Everton,46.2,0.0000,0.0106,0.1320
2026-08-16,Premier League,2026-2027,Everton,46.2,0.0000,0.0106,0.1320
2026-08-10,Premier League,2026-2027,Fulham,47.2,0.0000,0.0162,0.1054
2026-08-11,Premier League,2026-2027,Fulham,47.2,0.0000,0.0162,0.1054
2026-08-12,Premier League,2026-2027,Fulham,47.2,0.0000,0.0162,0.1054
2026-08-13,Premier League,2026-2027,Fulham,47.2,0.0000,0.0162,0.1054
2026-08-14,Premier League,2026-2027,Fulham,47.2,0.0000,0.0162,0.1054
2026-08-15,Premier League,2026-2027,Fulham,47.2,0.0000,0.0162,0.1054
2026-08-16,Premier League,2026-2027,Fulham,47.2,0.0000,0.0162,0.1050
2026-08-10,Premier League,2026-2027,Hull City,37.3,0.0000,0.0004,0.5410
2026-08-11,Premier League,2026-2027,Hull City,37.3,0.0000,0.0004,0.5410
2026-08-12,Premier League,2026-2027,Hull City,37.3,0.0000,0.0004,0.5410
2026-08-13,Premier League,2026-2027,Hull City,37.3,0.0000,0.0004,0.5410
2026-08-14,Premier League,2026-2027,Hull City,37.3,0.0000,0.0004,0.5410
2026-08-15,Premier League,2026-2027,Hull City,37.3,0.0000,0.0004,0.5410
2026-08-16,Premier League,2026-2027,Hull City,37.3,0.0000,0.0004,0.5410
2026-08-10,Premier League,2026-2027,Ipswich Town,24.8,0.0000,0.0000,0.9708
2026-08-11,Premier League,2026-2027,Ipswich Town,24.8,0.0000,0.0000,0.9708
2026-08-12,Premier League,2026-2027,Ipswich Town,24.8,0.0000,0.0000,0.9708
2026-08-13,Premier League,2026-2027,Ipswich Town,24.8,0.0000,0.0000,0.9708
2026-08-14,Premier League,2026-2027,Ipswich Town,24.8,0.0000,0.0000,0.9708
2026-08-15,Premier League,2026-2027,Ipswich Town,24.8,0.0000,0.0000,0.9708
2026-08-16,Premier League,2026-2027,Ipswich Town,24.8,0.0000,0.0000,0.9708
2026-08-10,Premier League,2026-2027,Leeds United,50.8,0.0004,0.0396,0.0404
2026-08-11,Premier League,2026-2027,Leeds United,50.8,0.0004,0.0396,0.0404
2026-08-12,Premier League,2026-2027,Leeds United,50.8,0.0004,0.0396,0.0404
2026-08-13,Premier League,2026-2027,Leeds United,50.8,0.0004,0.0396,0.0404
2026-08-14,Premier League,2026-2027,Leeds United,50.8,0.0004,0.0396,0.0404
2026-08-15,Premier League,2026-2027,Leeds United,50.8,0.0004,0.0396,0.0404
2026-08-16,Premier League,2026-2027,Leeds United,50.8,0.0004,0.0396,0.0404
2026-08-10,Premier League,2026-2027,Liverpool,66.9,0.0448,0.6316,0.0000
2026-08-11,Premier League,2026-2027,Liverpool,66.9,0.0448,0.6316,0.0000
2026-08-12,Premier League,2026-2027,Liverpool,66.9,0.0448,0.6316,0.0000
2026-08-13,Premier League,2026-2027,Liverpool,66.9,0.0448,0.6316,0.0000
2026-08-14,Premier League,2026-2027,Liverpool,66.9,0.0448,0.6316,0.0000
2026-08-15,Premier League,2026-2027,Liverpool,66.9,0.0448,0.6316,0.0000
2026-08-16,Premier League,2026-2027,Liverpool,66.9,0.0448,0.6316,0.0000
2026-08-10,Premier League,2026-2027,Manchester City,76.3,0.3082,0.9384,0.0000
2026-08-11,Premier League,2026-2027,Manchester City,76.3,0.3082,0.9384,0.0000
2026-08-12,Premier League,2026-2027,Manchester City,76.3,0.3082,0.9384,0.0000
2026-08-13,Premier League,2026-2027,Manchester City,76.3,0.3082,0.9384,0.0000
2026-08-14,Premier League,2026-2027,Manchester City,76.3,0.3082,0.9384,0.0000
2026-08-15,Premier League,2026-2027,Manchester City,76.3,0.3084,0.9384,0.0000
2026-08-16,Premier League,2026-2027,Manchester City,76.3,0.3084,0.9384,0.0000
2026-08-10,Premier League,2026-2027,Manchester United,62.9,0.0180,0.4174,0.0004
2026-08-11,Premier League,2026-2027,Manchester United,62.9,0.0180,0.4174,0.0004
2026-08-12,Premier League,2026-2027,Manchester United,62.9,0.0180,0.4174,0.0004
2026-08-13,Premier League,2026-2027,Manchester United,62.9,0.0180,0.4174,0.0004
2026-08-14,Premier League,2026-2027,Manchester United,62.9,0.0180,0.4174,0.0004
2026-08-15,Premier League,2026-2027,Manchester United,62.9,0.0180,0.4174,0.0004
2026-08-16,Premier League,2026-2027,Manchester United,62.9,0.0180,0.4176,0.0004
2026-08-10,Premier League,2026-2027,Newcastle United,55.3,0.0018,0.1174,0.0146
2026-08-11,Premier League,2026-2027,Newcastle United,55.3,0.0018,0.1174,0.0146
2026-08-12,Premier League,2026-2027,Newcastle United,55.3,0.0018,0.1174,0.0146
2026-08-13,Premier League,2026-2027,Newcastle United,55.3,0.0018,0.1174,0.0146
2026-08-14,Premier League,2026-2027,Newcastle United,55.3,0.0018,0.1174,0.0146
2026-08-15,Premier League,2026-2027,Newcastle United,55.3,0.0018,0.1174,0.0146
2026-08-16,Premier League,2026-2027,Newcastle United,55.3,0.0018,0.1172,0.0146
2026-08-10,Premier League,2026-2027,Nottingham Forest,46.7,0.0000,0.0126,0.1184
2026-08-11,Premier League,2026-2027,Nottingham Forest,46.7,0.0000,0.0126,0.1184
2026-08-12,Premier League,2026-2027,Nottingham Forest,46.7,0.0000,0.0126,0.1184
2026-08-13,Premier League,2026-2027,Nottingham Forest,46.7,0.0000,0.0126,0.1184
2026-08-14,Premier League,2026-2027,Nottingham Forest,46.7,0.0000,0.0126,0.1184
2026-08-15,Premier League,2026-2027,Nottingham Forest,46.7,0.0000,0.0126,0.1184
2026-08-16,Premier League,2026-2027,Nottingham Forest,46.7,0.0000,0.0126,0.1184
2026-08-10,Premier League,2026-2027,Sunderland,41.3,0.0000,0.0022,0.3210
2026-08-11,Premier League,2026-2027,Sunderland,41.3,0.0000,0.0022,0.3208
2026-08-12,Premier League,2026-2027,Sunderland,41.3,0.0000,0.0022,0.3208
2026-08-13,Premier League,2026-2027,Sunderland,41.3,0.0000,0.0022,0.3208
2026-08-14,Premier League,2026-2027,Sunderland,41.3,0.0000,0.0022,0.3208
2026-08-15,Premier League,2026-2027,Sunderland,41.3,0.0000,0.0022,0.3208
2026-08-16,Premier League,2026-2027,Sunderland,41.3,0.0000,0.0022,0.3210
2026-08-10,Premier League,2026-2027,Tottenham Hotspur,46.5,0.0000,0.0132,0.1154
2026-08-11,Premier League,2026-2027,Tottenham Hotspur,46.5,0.0000,0.0132,0.1154
2026-08-12,Premier League,2026-2027,Tottenham Hotspur,46.5,0.0000,0.0132,0.1154
2026-08-13,Premier League,2026-2027,Tottenham Hotspur,46.5,0.0000,0.0132,0.1154
2026-08-14,Premier League,2026-2027,Tottenham Hotspur,46.5,0.0000,0.0132,0.1154
2026-08-15,Premier League,2026-2027,Tottenham Hotspur,46.5,0.0000,0.0132,0.1154
2026-08-16,Premier League,2026-2027,Tottenham Hotspur,46.5,0.0000,0.0132,0.1156
2026-08-10,Serie A,2026-2027,AC Milan,63.0,0.0062,0.1910,0.0000
2026-08-11,Serie A,2026-2027,AC Milan,63.0,0.0062,0.1910,0.0000
2026-08-12,Serie A,2026-2027,AC Milan,63.0,0.0062,0.1910,0.0000
2026-08-13,Serie A,2026-2027,AC Milan,63.0,0.0062,0.1910,0.0000
2026-08-14,Serie A,2026-2027,AC Milan,63.0,0.0062,0.1910,0.0000
2026-08-15,Serie A,2026-2027,AC Milan,63.0,0.0062,0.1910,0.0000
2026-08-16,Serie A,2026-2027,AC Milan,63.0,0.0062,0.1912,0.0000
2026-08-10,Serie A,2026-2027,Atalanta,68.3,0.0250,0.4380,0.0000
2026-08-11,Serie A,2026-2027,Atalanta,68.3,0.0250,0.4380,0.0000
2026-08-12,Serie A,2026-2027,Atalanta,68.3,0.0250,0.4380,0.0000
2026-08-13,Serie A,2026-2027,Atalanta,68.3,0.0250,0.4380,0.0000
2026-08-14,Serie A,2026-2027,Atalanta,68.3,0.0250,0.4380,0.0000
2026-08-15,Serie A,2026-2027,Atalanta,68.3,0.0250,0.4380,0.0000
2026-08-16,Serie A,2026-2027,Atalanta,68.3,0.0250,0.4372,0.0000
2026-08-10,Serie A,2026-2027,Bologna,51.8,0.0004,0.0138,0.0118
2026-08-11,Serie A,2026-2027,Bologna,51.8,0.0004,0.0138,0.0118
2026-08-12,Serie A,2026-2027,Bologna,51.8,0.0004,0.0138,0.0118
2026-08-13,Serie A,2026-2027,Bologna,51.8,0.0004,0.0138,0.0118
2026-08-14,Serie A,2026-2027,Bologna,51.8,0.0004,0.0138,0.0118
2026-08-15,Serie A,2026-2027,Bologna,51.8,0.0004,0.0138,0.0118
2026-08-16,Serie A,2026-2027,Bologna,51.8,0.0004,0.0138,0.0118
2026-08-10,Serie A,2026-2027,Cagliari,41.0,0.0000,0.0006,0.1870
2026-08-11,Serie A,2026-2027,Cagliari,41.0,0.0000,0.0006,0.1870
2026-08-12,Serie A,2026-2027,Cagliari,41.0,0.0000,0.0006,0.1870
2026-08-13,Serie A,2026-2027,Cagliari,41.0,0.0000,0.0006,0.1870
2026-08-14,Serie A,2026-2027,Cagliari,41.0,0.0000,0.0006,0.1870
2026-08-15,Serie A,2026-2027,Cagliari,41.0,0.0000,0.0006,0.1870
2026-08-16,Serie A,2026-2027,Cagliari,41.0,0.0000,0.0006,0.1870
2026-08-10,Serie A,2026-2027,Como,71.7,0.0602,0.6302,0.0000
2026-08-11,Serie A,2026-2027,Como,71.7,0.0602,0.6302,0.0000
2026-08-12,Serie A,2026-2027,Como,71.7,0.0602,0.6302,0.0000
2026-08-13,Serie A,2026-2027,Como,71.7,0.0602,0.6302,0.0000
2026-08-14,Serie A,2026-2027,Como,71.7,0.0602,0.6302,0.0000
2026-08-15,Serie A,2026-2027,Como,71.7,0.0602,0.6302,0.0000
2026-08-16,Serie A,2026-2027,Como,71.7,0.0600,0.6304,0.0000
2026-08-10,Serie A,2026-2027,Fiorentina,49.5,0.0000,0.0054,0.0258
2026-08-11,Serie A,2026-2027,Fiorentina,49.5,0.0000,0.0054,0.0258
2026-08-12,Serie A,2026-2027,Fiorentina,49.5,0.0000,0.0054,0.0258
2026-08-13,Serie A,2026-2027,Fiorentina,49.5,0.0000,0.0054,0.0258
2026-08-14,Serie A,2026-2027,Fiorentina,49.5,0.0000,0.0054,0.0258
2026-08-15,Serie A,2026-2027,Fiorentina,49.5,0.0000,0.0054,0.0258
2026-08-16,Serie A,2026-2027,Fiorentina,49.5,0.0000,0.0054,0.0260
2026-08-10,Serie A,2026-2027,Frosinone,40.0,0.0000,0.0002,0.2244
2026-08-11,Serie A,2026-2027,Frosinone,40.0,0.0000,0.0002,0.2244
2026-08-12,Serie A,2026-2027,Frosinone,40.0,0.0000,0.0002,0.2244
2026-08-13,Serie A,2026-2027,Frosinone,40.0,0.0000,0.0002,0.2244
2026-08-14,Serie A,2026-2027,Frosinone,40.0,0.0000,0.0002,0.2244
2026-08-15,Serie A,2026-2027,Frosinone,40.0,0.0000,0.0002,0.2244
2026-08-16,Serie A,2026-2027,Frosinone,40.0,0.0000,0.0002,0.2242
2026-08-10,Serie A,2026-2027,Genoa,43.7,0.0000,0.0006,0.1022
2026-08-11,Serie A,2026-2027,Genoa,43.7,0.0000,0.0006,0.1020
2026-08-12,Serie A,2026-2027,Genoa,43.7,0.0000,0.0006,0.1020
2026-08-13,Serie A,2026-2027,Genoa,43.7,0.0000,0.0006,0.1020
2026-08-14,Serie A,2026-2027,Genoa,43.7,0.0000,0.0006,0.1020
2026-08-15,Serie A,2026-2027,Genoa,43.7,0.0000,0.0006,0.1020
2026-08-16,Serie A,2026-2027,Genoa,43.7,0.0000,0.0006,0.1020
2026-08-10,Serie A,2026-2027,Inter Milan,84.8,0.6828,0.9812,0.0000
2026-08-11,Serie A,2026-2027,Inter Milan,84.8,0.6830,0.9812,0.0000
2026-08-12,Serie A,2026-2027,Inter Milan,84.8,0.6830,0.9812,0.0000
2026-08-13,Serie A,2026-2027,Inter Milan,84.8,0.6830,0.9812,0.0000
2026-08-14,Serie A,2026-2027,Inter Milan,84.8,0.6830,0.9812,0.0000
2026-08-15,Serie A,2026-2027,Inter Milan,84.8,0.6830,0.9812,0.0000
2026-08-16,Serie A,2026-2027,Inter Milan,84.8,0.6834,0.9812,0.0000
2026-08-10,Serie A,2026-2027,Juventus,76.7,0.1714,0.8436,0.0000
2026-08-11,Serie A,2026-2027,Juventus,76.7,0.1712,0.8436,0.0000
2026-08-12,Serie A,2026-2027,Juventus,76.7,0.1712,0.8436,0.0000
2026-08-13,Serie A,2026-2027,Juventus,76.7,0.1712,0.8436,0.0000
2026-08-14,Serie A,2026-2027,Juventus,76.7,0.1712,0.8436,0.0000
2026-08-15,Serie A,2026-2027,Juventus,76.7,0.1712,0.8436,0.0000
2026-08-16,Serie A,2026-2027,Juventus,76.7,0.1710,0.8436,0.0000
2026-08-10,Serie A,2026-2027,Lazio,52.3,0.0002,0.0118,0.0092
2026-08-11,Serie A,2026-2027,Lazio,52.3,0.0002,0.0118,0.0092
2026-08-12,Serie A,2026-2027,Lazio,52.3,0.0002,0.0118,0.0092
2026-08-13,Serie A,2026-2027,Lazio,52.3,0.0002,0.0118,0.0092
2026-08-14,Serie A,2026-2027,Lazio,52.3,0.0002,0.0118,0.0092
2026-08-15,Serie A,2026-2027,Lazio,52.3,0.0002,0.0118,0.0092
2026-08-16,Serie A,2026-2027,Lazio,52.3,0.0002,0.0118,0.0092
2026-08-10,Serie A,2026-2027,Lecce,34.0,0.0000,0.0000,0.5298
2026-08-11,Serie A,2026-2027,Lecce,34.0,0.0000,0.0000,0.5298
2026-08-12,Serie A,2026-2027,Lecce,34.0,0.0000,0.0000,0.5298
2026-08-13,Serie A,2026-2027,Lecce,34.0,0.0000,0.0000,0.5298
2026-08-14,Serie A,2026-2027,Lecce,34.0,0.0000,0.0000,0.5298
2026-08-15,Serie A,2026-2027,Lecce,34.0,0.0000,0.0000,0.5298
2026-08-16,Serie A,2026-2027,Lecce,34.0,0.0000,0.0000,0.5298
2026-08-10,Serie A,2026-2027,Monza,28.3,0.0000,0.0000,0.8360
2026-08-11,Serie A,2026-2027,Monza,28.3,0.0000,0.0000,0.8364
2026-08-12,Serie A,2026-2027,Monza,28.3,0.0000,0.0000,0.8364
2026-08-13,Serie A,2026-2027,Monza,28.3,0.0000,0.0000,0.8364
2026-08-14,Serie A,2026-2027,Monza,28.3,0.0000,0.0000,0.8364
2026-08-15,Serie A,2026-2027,Monza,28.3,0.0000,0.0000,0.8364
2026-08-16,Serie A,2026-2027,Monza,28.3,0.0000,0.0000,0.8364
2026-08-10,Serie A,2026-2027,Napoli,69.0,0.0314,0.4626,0.0000
2026-08-11,Serie A,2026-2027,Napoli,69.0,0.0314,0.4622,0.0000
2026-08-12,Serie A,2026-2027,Napoli,69.0,0.0314,0.4622,0.0000
2026-08-13,Serie A,2026-2027,Napoli,69.0,0.0314,0.4622,0.0000
2026-08-14,Serie A,2026-2027,Napoli,69.0,0.0314,0.4622,0.0000
2026-08-15,Serie A,2026-2027,Napoli,69.0,0.0314,0.4622,0.0000
2026-08-16,Serie A,2026-2027,Napoli,69.0,0.0314,0.4624,0.0000
2026-08-10,Serie A,2026-2027,Parma,35.0,0.0000,0.0000,0.4808
2026-08-11,Serie A,2026-2027,Parma,35.0,0.0000,0.0000,0.4808
2026-08-12,Serie A,2026-2027,Parma,35.0,0.0000,0.0000,0.4808
2026-08-13,Serie A,2026-2027,Parma,35.0,0.0000,0.0000,0.4808
2026-08-14,Serie A,2026-2027,Parma,35.0,0.0000,0.0000,0.4808
2026-08-15,Serie A,2026-2027,Parma,35.0,0.0000,0.0000,0.4808
2026-08-16,Serie A,2026-2027,Parma,35.0,0.0000,0.0000,0.4810
2026-08-10,Serie A,2026-2027,Roma,68.0,0.0224,0.4162,0.0000
2026-08-11,Serie A,2026-2027,Roma,68.0,0.0224,0.4166,0.0000
2026-08-12,Serie A,2026-2027,Roma,68.0,0.0224,0.4166,0.0000
2026-08-13,Serie A,2026-2027,Roma,68.0,0.0224,0.4166,0.0000
2026-08-14,Serie A,2026-2027,Roma,68.0,0.0224,0.4166,0.0000
2026-08-15,Serie A,2026-2027,Roma,68.0,0.0224,0.4166,0.0000
2026-08-16,Serie A,2026-2027,Roma,67.9,0.0224,0.4168,0.0000
2026-08-10,Serie A,2026-2027,Sassuolo,45.6,0.0000,0.0018,0.0734
2026-08-11,Serie A,2026-2027,Sassuolo,45.5,0.0000,0.0018,0.0734
2026-08-12,Serie A,2026-2027,Sassuolo,45.5,0.0000,0.0018,0.0734
2026-08-13,Serie A,2026-2027,Sassuolo,45.5,0.0000,0.0018,0.0734
2026-08-14,Serie A,2026-2027,Sassuolo,45.5,0.0000,0.0018,0.0734
2026-08-15,Serie A,2026-2027,Sassuolo,45.5,0.0000,0.0018,0.0734
2026-08-16,Serie A,2026-2027,Sassuolo,45.6,0.0000,0.0018,0.0732
2026-08-10,Serie A,2026-2027,Torino,42.8,0.0000,0.0006,0.1304
2026-08-11,Serie A,2026-2027,Torino,42.8,0.0000,0.0006,0.1302
2026-08-12,Serie A,2026-2027,Torino,42.8,0.0000,0.0006,0.1302
2026-08-13,Serie A,2026-2027,Torino,42.8,0.0000,0.0006,0.1302
2026-08-14,Serie A,2026-2027,Torino,42.8,0.0000,0.0006,0.1302
2026-08-15,Serie A,2026-2027,Torino,42.8,0.0000,0.0006,0.1302
2026-08-16,Serie A,2026-2027,Torino,42.8,0.0000,0.0006,0.1298
2026-08-10,Serie A,2026-2027,Udinese,45.9,0.0000,0.0024,0.0564
2026-08-11,Serie A,2026-2027,Udinese,45.9,0.0000,0.0024,0.0564
2026-08-12,Serie A,2026-2027,Udinese,45.9,0.0000,0.0024,0.0564
2026-08-13,Serie A,2026-2027,Udinese,45.9,0.0000,0.0024,0.0564
2026-08-14,Serie A,2026-2027,Udinese,45.9,0.0000,0.0024,0.0564
2026-08-15,Serie A,2026-2027,Udinese,45.9,0.0000,0.0024,0.0564
2026-08-16,Serie A,2026-2027,Udinese,45.9,0.0000,0.0024,0.0564
2026-08-10,Serie A,2026-2027,Venezia,37.7,0.0000,0.0000,0.3328
2026-08-11,Serie A,2026-2027,Venezia,37.7,0.0000,0.0000,0.3328
2026-08-12,Serie A,2026-2027,Venezia,37.7,0.0000,0.0000,0.3328
2026-08-13,Serie A,2026-2027,Venezia,37.7,0.0000,0.0000,0.3328
2026-08-14,Serie A,2026-2027,Venezia,37.7,0.0000,0.0000,0.3328
2026-08-15,Serie A,2026-2027,Venezia,37.7,0.0000,0.0000,0.3328
2026-08-16,Serie A,2026-2027,Venezia,37.7,0.0000,0.0000,0.3332
